Front,Back,Tags
"Scenario: A company discovers an employee plugged an unknown USB drive into their workstation, which immediately triggered ransomware. What type of social engineering attack was this?",Baiting - the attacker left a malware-infected USB drive where the target would find it.,2::Scenario
"Scenario: A security analyst notices repeated failed login attempts from an external IP, then a successful login at 3 AM from that same IP. What type of attack is indicated?",Brute force or credential stuffing attack - the attacker attempted many password combinations and eventually succeeded.,2::Scenario
Scenario: A user receives an email claiming to be from the CEO urgently requesting a wire transfer. The sender address is ceo@cornpany.com (note the typo). What type of phishing is this?,Spear phishing with domain spoofing - the attacker targeted a specific individual and spoofed a domain similar to the legitimate one (typosquatting).,2::Scenario
Scenario: A security admin must choose encryption for a database storing credit card numbers. Performance is critical and the same system encrypts and decrypts. Which encryption type should be used?,"Symmetric encryption (e.g., AES-256) - it is faster than asymmetric and suitable when the same entity handles both encryption and decryption.",1::Scenario
"Scenario: An organization wants to ensure no single user can approve their own purchase order. They require a manager to approve any PO over $5,000. What security principle does this enforce?","Separation of duties - no single person has complete control over a critical process, reducing fraud risk.",1::Scenario
Scenario: A SOC analyst reviews a log showing a user logged in from New York at 9 AM and from Tokyo at 9:15 AM. What should the analyst conclude?,This is likely a credential compromise or impossible travel scenario - the user could not physically be in both locations within 15 minutes.,4::Scenario
Scenario: A hospital must protect patient health information and chooses to encrypt all PHI at rest and in transit. What category of security control is encryption?,Technical preventive control - it uses technology (encryption algorithms) to protect data confidentiality.,1::Scenario
"Scenario: A company's web application firewall logs show 5,000 requests from a single IP in 10 seconds, all to the login page with random usernames and passwords. What type of attack is occurring?",Credential stuffing or brute force attack - the attacker is systematically trying username/password combinations against the login endpoint.,2::Scenario
Scenario: An analyst sees a SIEM alert for a workstation making outbound connections to a known malicious IP in Russia at 2 AM. The user claims they were asleep. What is the best next step?,Isolate the workstation from the network immediately - this is a likely indicator of compromise (beaconing to C2 infrastructure).,4::Scenario
Scenario: An organization wants to ensure data is unrecoverable after decommissioning hard drives. What method should they use?,"Degaussing or physical destruction (shredding/pulverizing) - degaussing destroys the magnetic field, making data unrecoverable.",1::Scenario
Scenario: A security team needs to detect attackers inside the network who have bypassed the perimeter firewall. What technology should they deploy?,A honeypot or honeynet - a decoy system designed to attract attackers and alert defenders to unauthorized presence inside the network.,1::Scenario
Scenario: An e-commerce company experiences website slowdown during a sales event. The server logs show incomplete TCP handshakes from thousands of unique IPs. What type of attack is this?,"SYN flood DDoS attack - the attacker sends many SYN packets but never completes the three-way handshake, exhausting server connection tables.",2::Scenario
Scenario: A company needs to choose a disaster recovery site with a 4-hour RPO and 15-minute RTO. Budget is not a primary concern. Which site type should they choose?,Hot site - a fully redundant facility with real-time data replication that can take over within minutes.,3::Scenario
Scenario: A manufacturing plant needs to replace a legacy controller that communicates in plaintext. The new controller must encrypt traffic but has limited processing power. What should the security team recommend?,"Use a bump-in-the-wire (BITW) encryption device between the controller and the network, or upgrade to a controller that supports hardware-accelerated encryption.",3::Scenario
Scenario: A company is notified by law enforcement that customer data was found on a dark web marketplace. The breach occurred 6 months ago but was only discovered when a security researcher found the exposed database. What phase of the incident response lifecycle was missed?,Detection and Analysis - the organization lacked monitoring to detect the breach in a timely manner.,4::Scenario
Scenario: A SOC analyst receives an alert for a single failed login followed by a successful login for the same user. The source IP is a known office subnet. What should the analyst do?,This is likely a false positive - the user simply mistyped their password. No further action needed unless there are additional indicators.,4::Scenario
Scenario: A company's backup strategy involves writing data to tape once daily and storing the tape offsite. What type of recovery site is being used?,"Cold site - the backups exist but need to be restored to new hardware, which takes significant time.",3::Scenario
"Scenario: A security engineer must decide between a wildcard certificate and a SAN certificate for a web server hosting app1.company.com, app2.company.com, and app3.company.com. Which is more appropriate?",SAN certificate - it explicitly lists each subdomain. Wildcard (*.company.com) would work but SAN is more precise and may align better with security policy.,1::Scenario
Scenario: A SOC team analyzes a PCAP file and sees traffic to a known malware-hosting domain. The destination port is 443 and the traffic is encrypted with TLS. What type of analysis is being performed?,Network traffic analysis - examining PCAP files to identify indicators of compromise in network communications.,4::Scenario
Scenario: A hospital must secure all email communication containing PHI. What three email security protocols should they implement?,"SPF, DKIM, and DMARC - these authenticate email senders and prevent spoofing, reducing phishing and spam.",4::Scenario
Scenario: An auditor finds that terminated employees' accounts remain active for an average of 14 days. What process is failing?,Offboarding/account deprovisioning - the process to disable or delete accounts upon employee termination is not being followed.,5::Scenario
"Scenario: A security team wants to prevent unauthorized devices from connecting to the corporate network by checking each device for antivirus, patch level, and disk encryption before granting access. What is this called?",Network Access Control (NAC) - it enforces security posture checks before allowing devices onto the network.,4::Scenario
Scenario: A cloud engineering team needs to deploy a containerized application where each container only communicates with specific other containers. What architecture should be implemented?,Microsegmentation - creating fine-grained network segments at the workload level to restrict east-west traffic.,3::Scenario
Scenario: An organization with a flat network suffers a ransomware outbreak that spreads from one workstation to 200 others within an hour. What architectural change would prevent this?,Network segmentation - dividing the network into segments with firewalls between them to limit lateral movement.,2::Scenario
Scenario: A security analyst must investigate a potential data exfiltration. The alert shows 50 GB of data transferred from a file server to an external IP at 3 AM. What should the analyst do first?,"Verify the alert by checking the source system logs, then isolate the file server from the network to prevent further data loss.",4::Scenario
Scenario: A security manager needs to decide which vulnerabilities to patch first. The team found a critical RCE with CVSS 9.8 and a low-severity info disclosure with CVSS 3.2. What determines priority?,"Patches should be prioritized based on CVSS score, exploitability, asset criticality, and whether active exploits exist. The RCE should be patched first.",2::Scenario
Scenario: A startup uses only cloud-based productivity tools and wants security to focus on configuration while the vendor handles infrastructure patching. Which cloud model fits?,"SaaS (Software as a Service) - the vendor manages the underlying infrastructure, platform, and application; the customer is responsible only for configuration and data.",3::Scenario
Scenario: A SOC analyst reviews an IDS alert showing a single HTTP request to /etc/passwd on a public web server. The server returned a 404. What should the analyst do?,This is likely a reconnaissance scan or automated scanner hit. No action needed unless there are multiple similar requests or other indicators.,4::Scenario
Scenario: A company wants to deploy a network-based detection system that can analyze traffic and block malicious packets in real-time. What type of device should they deploy and how?,An inline IPS (Intrusion Prevention System) - it sits in the traffic path and can block malicious packets in real time.,4::Scenario
"Scenario: During a risk assessment, the security team calculates the asset value of a database at $500,000, with an exposure factor of 40% and an ARO of 0.5. What is the ALE?","ALE = AV x EF x ARO = $500,000 x 0.40 x 0.5 = $100,000.",5::Scenario
"Scenario: A company identified that a firewall costs $20,000 per year to maintain. The ALE for the risk it mitigates is $50,000. Is this control cost-effective?","Yes - the control cost ($20,000) is less than the ALE ($50,000), so it is cost-effective. The savings are $30,000 per year.",5::Scenario
Scenario: A healthcare organization must comply with regulations requiring patient data to remain within the country of origin. What cloud architecture consideration addresses this?,Data sovereignty and geographic dispersion - data must be stored in specific geographic locations to comply with legal requirements.,3::Scenario
"Scenario: An organization wants to document significant risks including the threat, vulnerability, likelihood, impact, and existing controls for each. What are they creating?","A risk register - a formal document that catalogs identified risks, their characteristics, and mitigation status.",5::Scenario
Scenario: A company experienced a data breach. An investigator arrives and begins collecting hard drives. What must be documented?,"Chain of custody - every person who handles evidence, when, and what was done must be documented to maintain admissibility in court.",4::Scenario
Scenario: A security analyst needs to identify whether a file is malware without executing it on production systems. They submit the file to a service that runs it in a sandbox. What technique is this?,Dynamic analysis using a sandbox - the file is executed in an isolated environment to observe its behavior safely.,2::Scenario
Scenario: A company receives a ransomware demand after an employee clicked a link in a phishing email. The malware encrypted files on the local drive and mapped network shares. What should the first containment step be?,Disconnect the affected workstation from the network immediately to prevent further encryption of network shares and lateral movement.,2::Scenario
Scenario: A network engineer must choose between WPA2 and WPA3 for a new wireless deployment. The organization requires forward secrecy and stronger brute-force protection. Which should they choose?,"WPA3 - it provides Simultaneous Authentication of Equals (SAE) instead of Pre-Shared Key (PSK), offering forward secrecy and protection against offline dictionary attacks.",4::Scenario
Scenario: The security team needs to collect forensic evidence from a compromised server. In what order should they collect data?,"Order of volatility: registers/cache, routing tables/ARP cache, process table, kernel memory, temporary files, hard drive data, remote logs. Collect most volatile first.",4::Scenario
Scenario: A company needs to allow remote employees to access internal applications. Management wants to reduce the attack surface by authenticating users before granting access to any internal resource. What technology should they use?,ZTNA (Zero Trust Network Access) - it authenticates and authorizes each connection individually rather than granting VPN-level network access.,3::Scenario
Scenario: A security analyst notices a privileged user account accessed HR files containing salary data at 2 AM on a Saturday. The user has no HR-related job function. What should the analyst do?,Flag this as a potential insider threat or account compromise - access to sensitive data outside of normal patterns warrants investigation.,4::Scenario
Scenario: A company must choose a risk response for a critical vulnerability in a legacy system that cannot be patched. The system is essential to operations. What options are available?,"Mitigation (compensating controls like WAF rules or network segmentation), risk acceptance (formal sign-off from management), or risk transfer (cyber insurance). Avoidance would mean decommissioning the system.",5::Scenario
Scenario: An incident responder arrives where a sysadmin has already rebooted a compromised server. What forensic challenge does this create?,"Volatile data (RAM, running processes, network connections) is lost upon reboot, potentially destroying critical evidence like active malware processes and encryption keys.",4::Scenario
Scenario: A company needs to implement file-level encryption for sensitive documents accessible from any company device. What key management solution should they use?,"Enterprise key management with an HSM (Hardware Security Module) - it provides centralized key storage, rotation, and access control.",1::Scenario
Scenario: A SOC team receives an alert for outbound DNS queries to a domain registered 2 days ago that resolves to an IP in an embargoed country. What is this most likely?,DNS beaconing to a likely C2 (Command and Control) domain - newly registered domains resolving to suspicious locations are a common indicator of compromise.,4::Scenario
"Scenario: A company deploys a WAF in front of its e-commerce site. After deployment, legitimate customers receive 403 errors when completing purchases. What should the team do?",Tune the WAF rules - this is a false positive where legitimate traffic is being blocked. Adjust sensitivity or add allow rules for legitimate behaviors.,4::Scenario
"Scenario: A database administrator requests access to a production database containing PII to run a query for a manager. What access control model would enforce time-limited, approved access?","ABAC (Attribute-Based Access Control) - access decisions are based on attributes (user role, time of day, purpose of access, manager approval) rather than just group membership.",4::Scenario
Scenario: An organization needs to verify that its backup data can be restored. What should the backup policy require?,Regular backup restoration testing (quarterly or monthly) - verifying that backups can be restored is as important as creating the backups themselves.,4::Scenario
"Scenario: A SOC analyst sees a SIEM alert: John.Doe logged into VPN from IP 10.0.1.50 at 09:05, then logged into admin panel from IP 185.220.101.23 at 09:07. What is the most likely conclusion?",John Doe's credentials are compromised - an attacker is using a proxy to appear as a different IP while the legitimate user is also active.,4::Scenario
"Scenario: A developer wants to deploy an application where the company manages the OS, runtime, and middleware, but the vendor manages the underlying servers, storage, and networking. What cloud model is this?","PaaS (Platform as a Service) - the customer manages applications and data; the vendor manages infrastructure, OS, and runtime.",3::Scenario
Scenario: A company must choose between allowlist and blocklist for POS systems that only run three specific applications. Which is more secure?,Allowlist - only explicitly approved applications can run. This is more secure than blocklist and is ideal for systems with a fixed set of required applications.,2::Scenario
Scenario: A security engineer is selecting physical access controls for a data center. They need to prevent vehicles from crashing into the building while allowing pedestrian access. What should they install?,Bollards - sturdy posts that block vehicle access but allow pedestrians to pass.,1::Scenario
"Scenario: An attacker calls the help desk, claims to be a VP who forgot their password, and convinces the agent to reset the password and read the new one over the phone. What attack was successful?",Pretexting and social engineering - the attacker created a fabricated scenario (pretext) to manipulate the help desk into performing an action.,2::Scenario
Scenario: A security team must protect IoT sensors in a manufacturing plant. The sensors have limited processing power and cannot run antivirus. What security approach should be used?,"Network segmentation (placing IoT devices on an isolated VLAN), device authentication (802.1X), and monitoring for anomalous traffic patterns.",3::Scenario
Scenario: A company's HR database was accessed by an unauthorized user using valid credentials belonging to a sales employee. Logs show the password was submitted to a phishing site one week earlier. What is the root cause?,Credential theft via phishing - the attacker captured the password through a phishing campaign. The HR database should not have been accessible from the sales network segment.,2::Scenario
"Scenario: A security analyst is asked to calculate the SLE for a server valued at $50,000 where a ransomware attack would encrypt 80% of the data. What is the SLE?","SLE = AV x EF = $50,000 x 0.80 = $40,000.",5::Scenario
Scenario: An organization decides to purchase cyber insurance to cover potential losses from a data breach. What risk response strategy is this?,Risk transfer - the financial risk is transferred to the insurance company in exchange for premium payments.,5::Scenario
Scenario: A company stores sensitive customer data in a cloud database. The security team wants to detect unauthorized access attempts and misconfigurations in real-time. What type of tool should they deploy?,A CSPM (Cloud Security Posture Management) tool or CASB (Cloud Access Security Broker) - these monitor cloud environments for misconfigurations and unauthorized access.,3::Scenario
Scenario: A security analyst is investigating a ransomware incident. The ransom note demands payment in Monero. What forensic artifacts should the analyst look for?,"The ransomware binary, encryption artifacts, modified file extensions, ransom note files, and any persistence mechanisms like scheduled tasks or registry run keys.",4::Scenario
Scenario: A company needs to deploy MFA. Management requires one factor be something the user has and another be something the user is. What combination should be implemented?,Hardware token (something you have) + fingerprint (something you are) - or smart card + biometric.,4::Scenario
Scenario: A security engineer must recommend RAID for a database server that requires high write performance and fault tolerance with minimal disk waste. What RAID level?,RAID 10 (1+0) - it provides both striping for performance and mirroring for fault tolerance but requires a minimum of 4 disks with 50% capacity overhead.,3::Scenario
"Scenario: A security team is conducting a review of their controls. They find the firewall blocks inbound port 22 as intended, but outbound traffic is unrestricted. What type of analysis is this?",Gap analysis - comparing current controls against desired security posture to identify missing or inadequate controls.,1::Scenario
Scenario: A help desk employee receives a call from someone claiming to be a new hire who forgot their temporary password and needs immediate access. The admin resets the password to Welcome1. What security weakness was exploited?,Social engineering via impersonation - the help desk did not verify the caller's identity through a separate channel before making a security-critical change.,2::Scenario
Scenario: A SOC team needs to configure a SIEM rule to detect potential data exfiltration. What alert logic should they write?,"Alert when a single user transfers more than 1 GB of data to an external destination in 1 hour, especially outside business hours.",4::Scenario
"Scenario: A company with 5,000 employees needs to enable SSO across all cloud applications using their existing Active Directory. What technology should they implement?",Federation using SAML or OIDC with Azure AD Connect or ADFS - this allows users to authenticate once and access all federated applications.,4::Scenario
"Scenario: A security analyst finds that server logs are being overwritten after 7 days, but compliance requires 1 year of retention. What needs to change?","Log retention policy - logs should be sent to a centralized SIEM or log management solution with longer retention, or archived to cold storage for compliance.",4::Scenario
Scenario: A web application is vulnerable to SQL injection. The developer proposes using parameterized queries. What type of control is this?,Technical preventive control - parameterized queries prevent SQL injection by separating SQL code from user input at the application layer.,1::Scenario
Scenario: A SOC analyst reviews an IDS alert: HTTP GET /../../../etc/passwd. The web server returned HTTP 200 with the contents of /etc/passwd. What should the analyst do?,This is a confirmed directory traversal attack that succeeded - escalate to incident response immediately and isolate the web server.,4::Scenario
Scenario: A security team is deploying a new web server and needs to reduce its attack surface. What hardening steps should be taken?,"Disable unnecessary services, remove unused software, apply least functionality, configure host firewall to allow only ports 80 and 443, and apply latest patches.",2::Scenario
Scenario: A company needs to allow external partners to authenticate using their own identity provider rather than creating local accounts. What technology enables this?,Federation - establishing trust between identity providers so that external users authenticate with their home organization's credentials.,4::Scenario
Scenario: A security analyst is investigating a phishing campaign. A user received an email with a link to a fake login page that closely resembles the company's intranet portal. What technique was used?,URL obfuscation and typosquatting - the attacker created a lookalike domain and crafted a convincing email to trick users into entering credentials.,2::Scenario
Scenario: An organization that handles credit card data must comply with security requirements. What compliance framework applies?,"PCI DSS (Payment Card Industry Data Security Standard) - required for any organization that processes, stores, or transmits credit card data.",5::Scenario
Scenario: A company experiences a ransomware attack traced to a vulnerability in the VPN appliance (CVE-2023-46805). What type of attack was this?,Exploitation of a known vulnerability - the attacker leveraged a published CVE in the VPN appliance to gain initial access.,2::Scenario
"Scenario: A security analyst needs to classify a dataset containing customer names, email addresses, and purchase history but not payment card numbers or SSNs. How should this data be classified?",Internal or sensitive - it contains PII but not the most sensitive categories. It should be protected but may not require the highest level of controls.,1::Scenario
Scenario: A company needs to deploy a solution that automatically responds to incidents (like blocking a malicious IP across all firewalls) when detected. What type of tool?,"SOAR (Security Orchestration, Automation, and Response) - it can automate response actions based on playbooks triggered by security alerts.",4::Scenario
"Scenario: An organization's BIA identifies the customer-facing web app has a 4-hour MTD, 2-hour RTO, and 1-hour RPO. What do these mean operationally?",The application must be restored within 2 hours (RTO) using backups no older than 1 hour (RPO). Total outage cannot exceed 4 hours (MTD).,5::Scenario
Scenario: A security team wants to detect malware that changes its code each time it runs to evade signature detection. What detection method should they use?,"Heuristic or behavior-based detection - it analyzes behavior patterns rather than relying on static signatures, which polymorphic malware can bypass.",2::Scenario
"Scenario: A company's risk assessment shows the ALE for a ransomware attack on the file server is $120,000. A backup solution costs $25,000/year and reduces ALE to $15,000. Is this justified?","Yes - the control saves $105,000 in risk reduction ($120,000 - $15,000) and costs $25,000, for a net benefit of $80,000 per year.",5::Scenario
Scenario: A healthcare provider allows BYOD. The security team needs to ensure company data on personal devices can be remotely wiped if the device is lost. What technology?,MDM (Mobile Device Management) with containerization - IT can manage and wipe the corporate container without affecting personal data on the device.,4::Scenario
Scenario: A SOC detects a workstation making DNS queries to a random-looking domain every 60 seconds. The domain resolves to an IP in a country with no business relationship. What is the most likely cause?,The workstation is infected with malware beaconing to a C2 server using DNS as the communication channel.,2::Scenario
Scenario: A security architect needs to deploy load balancers for an application with variable traffic and long-running sessions. What method should they configure?,Persistence/sticky sessions (source IP affinity or session cookie) - ensures a client's requests are sent to the same backend server for the duration of their session.,3::Scenario
Scenario: A company deploys containerized microservices and needs to ensure containers cannot communicate unless explicitly allowed. What security feature?,Container network policies or microsegmentation - Kubernetes NetworkPolicies or equivalent container firewall rules that restrict east-west traffic.,3::Scenario
"Scenario: During a penetration test, the testing team is given no information about the target. They must discover everything from scratch. What type of test is this?","Black-box penetration test - the testers have no prior knowledge of the target, simulating an external attacker.",5::Scenario
Scenario: A remote employee reports their laptop was stolen from a coffee shop. The laptop contains encrypted company files and connects to VPN. What should the team do immediately?,"Remote wipe the laptop via MDM if possible, disable the user's VPN access, and reset their account passwords.",4::Scenario
"Scenario: A security team must choose between ZTNA and traditional VPN for remote access. The requirement is application-level access, not full network access. Which should they choose?","ZTNA (Zero Trust Network Access) - it provides application-level access rather than network-level access, reducing lateral movement risk.",3::Scenario
Scenario: A company is required to demonstrate that security controls are working effectively. An independent auditor will verify controls and provide a report. What type of audit?,External audit - conducted by an independent third party to provide objective verification of control effectiveness.,5::Scenario
Scenario: A security engineer needs to secure a Kubernetes cluster. Containers must run with least privilege and not escape to the host. What controls should they implement?,"Run containers as non-root, use read-only root filesystem, apply Pod Security Standards (restricted profile), and use seccomp/AppArmor profiles.",3::Scenario
Scenario: A company receives a software update notification from a vendor they use. The update is hosted on a third-party CDN rather than the vendor's domain and the digital signature does not verify. What attack is suspected?,Supply chain attack or dependency confusion - an attacker is attempting to deliver a malicious update by impersonating a trusted vendor.,2::Scenario
Scenario: A company wants to verify the security posture of a potential cloud vendor before signing a contract. What type of assessment should they request?,"Third-party audit report (SOC 2 Type II or equivalent) and vendor security questionnaire - these assess the vendor's controls, policies, and compliance.",5::Scenario
"Scenario: An organization is implementing zero trust. Every access request requires verification of user identity, device health, location, and data sensitivity. What principle does this enforce?","Continuous verification - zero trust requires authentication and authorization at every access attempt, not just at the perimeter.",1::Scenario
Scenario: A company receives threat intelligence that APT29 is targeting their industry. What should the security team do first?,"Conduct threat hunting looking for APT29's known TTPs (tactics, techniques, and procedures) in their environment.",2::Scenario
Scenario: A company's backup strategy must protect against ransomware that could encrypt both production and backup systems. What backup approach?,"3-2-1 backup rule with immutable or air-gapped backups - three copies, two media types, one offsite, with immutable storage attackers cannot modify.",3::Scenario
Scenario: A SOC analyst receives an EDR alert: Microsoft Word spawned cmd.exe which launched PowerShell which made an outbound connection. What attack technique is this?,Macro-based malware or document-based attack - the attacker used a malicious macro in a Word document to execute system commands and establish C2 communication.,2::Scenario
Scenario: A company's risk committee reviews a vulnerability in a legacy system where patching breaks critical functionality. Compensating controls are in place and management accepts residual risk. What risk response?,Risk acceptance with mitigation (compensating controls) - the organization accepts the residual risk after implementing compensating controls.,5::Scenario
Scenario: A healthcare organization must comply with regulations requiring PHI to be encrypted at rest and in transit with access logged. What compliance framework?,"HIPAA (Health Insurance Portability and Accountability Act) - the Security Rule requires administrative, physical, and technical safeguards for PHI.",5::Scenario
Scenario: A security team is evaluating a CASB for their multi-cloud environment. What primary function does a CASB serve?,"Visibility and control over cloud application usage - it sits between users and cloud providers to enforce security policies, discover shadow IT, and protect data.",3::Scenario
Scenario: A company experiences a DDoS with thousands of legitimate-looking HTTP GET requests to the search endpoint. What type is this and what mitigation is effective?,"Application layer (Layer 7) DDoS attack - a WAF with rate limiting and behavioral analysis can distinguish legitimate users from attackers, while a CDN can absorb traffic.",2::Scenario
Scenario: A company must choose between containerization and VMs for a workload requiring full OS isolation and independent kernel configuration. Which should they choose?,"Virtual machines - each VM runs its own OS and kernel, providing stronger isolation than containers which share the host kernel.",3::Scenario
Scenario: A security analyst sees repeated SMTP connections from an internal workstation to 25 different external mail servers within 1 minute. No business applications send email from this workstation. What is the most likely attack?,Spam relay or malicious spam campaign - the workstation is likely compromised and being used as a spam bot to relay email through multiple external mail servers.,2::Scenario
Scenario: A penetration tester discovers a web application that uses an outdated library with a known RCE vulnerability (CVE-2021-44228 - Log4Shell). What type of vulnerability assessment finding is this?,Use of a vulnerable third-party component with known exploits (supply chain / dependency vulnerability) - the application inherits risk from its dependencies.,2::Scenario
Scenario: An organization suspects an insider is exfiltrating data by printing sensitive documents and taking photos. The data has not appeared on the network. What type of exfiltration technique is being used?,Physical/visual exfiltration or dumpster diving - the attacker is bypassing digital DLP controls by converting digital data to physical format and removing it from the facility.,2::Scenario
An organization deploys an intrusion prevention system (IPS) configured to automatically block traffic from IP addresses that exhibit port-scanning behavior. The security team also installs bollards around the data center loading dock and requires biometric authentication for server room access. Which combination of control types is the organization using?,The IPS automatically blocks malicious traffic (technical preventive). Bollards physically prevent vehicles from ramming the loading dock (physical preventive). Biometric authentication prevents unauthorized entry (technical preventive). The question tests the ability to classify controls by both type (preventive) and category (technical vs. physical) simultaneously — a common exam trick.,secp701::d1::context
"After a ransomware incident encrypted 200 workstations, the security administrator implements a new backup strategy with immutable snapshots and air-gapped storage. Additionally, the administrator deploys file-integrity monitoring on critical servers to alert when unauthorized changes occur. Which control type pair best describes this approach?",Immutable air-gapped backups allow the organization to recover encrypted data — this is a corrective control (fixes the problem after it occurs). File-integrity monitoring alerts when files change — this is a detective control (identifies that something happened). The scenario specifically tests distinguishing corrective from detective controls.,secp701::d1::context
"A financial institution deploys the following controls: (1) mantrap with badge + PIN + weight sensor, (2) DLP agent blocking credit-card data, (3) quarterly security-awareness training, (4) security guard at lobby desk. A financial institution deploys the following controls: (1) A mantrap at the entrance to the vault area that requires badge + PIN + weight sensor verification. (2) A data-loss prevention agent on all endpoints that blocks credit-card numbers from being emailed. (3) Quarterly security-awareness training for all employees. (4) A security guard who checks badges at the lobby desk. Which TWO controls are correctly classified? (Select TWO.)","The DLP agent that blocks exfiltration (b) is a technical preventive control — software enforcing a policy to stop an action. The mantrap (d) is a physical preventive control — hardware that physically stops unauthorized access. Option (a) is wrong because mantraps are primarily preventive, not deterrent. Option (c) is wrong because training is preventive/directive, not corrective. Option (e) is wrong because a guard checking badges is preventive. Option (f) is wrong because the DLP blocks, making it preventive.",secp701::d1::context
"A hospital's EHR system corrupts during migration. IT restores from backup and implements transaction logging for future rollback capability. A hospital's electronic health record (EHR) system becomes corrupted during a database migration. The IT team restores data from the previous night's backup. They then implement database transaction logging so that in future migrations, they can roll back to the last consistent state if corruption occurs again. Which combination of controls does this represent?","Restoring from backup is a corrective control — it repairs damage after it occurs. Transaction-log rollback is also corrective — it allows reverting the database to a consistent state after corruption. The scenario deliberately tries to confuse by making the transaction log seem detective, but since it is used for rollback (correction), it is corrective. Controls are classified by their primary purpose, not by the tool name.",secp701::d1::context
"A small business uses a syslog server with alerts (instead of commercial SIEM) and a login warning banner. A small business cannot afford a commercial SIEM solution. Instead, the IT administrator configures a centralized syslog server that collects logs from all network devices and sets up automated email alerts for critical events. The administrator also posts a warning banner on the login screen stating, 'Unauthorized access is prohibited and will be prosecuted.' Which TWO control types are being used? (Select TWO.)","The syslog server substitutes for an unaffordable commercial SIEM — this is a compensating control (alternative control achieving equivalent protection). The warning banner threatens prosecution — this is a deterrent control (discourages violations). Option (a) is true about detection but (b) is more precise: the syslog server is specifically a compensating control because it is a substitute, not a standard implementation. Option (c) confuses deterrent with preventive. Options (e) and (f) misclassify the controls.",secp701::d1::context
A security architect needs to select a control that both prevents unauthorized vehicle access to a facility loading dock and directs delivery vehicles to a specific inspection area. Which control type best fulfills both requirements simultaneously?,A vehicle barrier gate physically prevents unauthorized entry (preventive) and can incorporate signage directing vehicles to the inspection area (directive). This is a common exam scenario asking for a control that serves dual purposes. Bollards only block (preventive only). Guards provide operational control but are not the design solution. PTZ cameras are detective.,secp701::d1::context
A subject requests database access in a Zero Trust architecture. The policy engine evaluates and finds the device posture score is below the threshold due to missing patches. An organization implements a Zero Trust architecture. A subject attempts to access a sensitive database. The policy engine (PE) evaluates the request against existing policies and determines that the subject's device posture score is below the threshold due to missing critical patches. Which component enforces the policy decision by allowing or denying the actual data flow?,"In NIST SP 800-207 Zero Trust Architecture, the policy enforcement point (PEP) is the component that enables, monitors, and terminates connections. The policy engine (PE) makes the grant/deny decision. The policy administrator (PA) communicates the decision to the PEP. The PEP is the actual enforcement component in the data plane. The CompTIA exam specifically tests the distinction between PE (decision), PA (communication), and PEP (enforcement).",secp701::d1::context
"Healthcare policy requires digitally signed electronic prescriptions. A physician denies prescribing a controlled substance, but audit logs show a verified digital signature from their private key. A healthcare organization's security policy requires that all electronic prescriptions be digitally signed by the prescribing physician before transmission to the pharmacy. A physician claims they never prescribed a specific controlled substance, but audit logs show a digital signature verified against their private key was used. Which security principle is primarily being enforced by the digital signature requirement?","Non-repudiation prevents an individual from denying an action. A digital signature provides cryptographic proof that the private key holder (the physician) signed the prescription. Since the physician denies prescribing and the digital signature proves otherwise, non-repudiation is the principle at stake. The CompTIA exam frequently pairs digital signatures with non-repudiation scenarios.",secp701::d1::context
"A RADIUS server logs all login attempts with timestamps, source IPs, and resources. The security team uses these logs to identify a user accessing sensitive files off-hours over three weeks. A systems administrator configures a RADIUS server for network access control. Users authenticate with their domain credentials, and the RADIUS server logs each successful and failed login attempt with timestamps, source IPs, and requested network resources. The security team later uses these logs to identify that one user accessed sensitive files during off-hours over a three-week period. Which AAA component is directly enabling this investigation?","The AAA framework consists of Authentication (verifying identity), Authorization (granting permissions), and Accounting (tracking actions). The investigation uses historical logs of user actions — this is the Accounting component. CompTIA tests the distinction by describing a scenario that clearly relies on audit trails.",secp701::d1::context
A security engineer is designing a Zero Trust network architecture. Which TWO of the following are core components of the Zero Trust policy decision and enforcement framework as defined by NIST SP 800-207? (Select TWO.),"NIST SP 800-207 defines three core components for Zero Trust policy enforcement: the Policy Engine (PE) makes access decisions based on policy, the Policy Administrator (PA) communicates decisions and generates session tokens, and the Policy Enforcement Point (PEP) executes allow/deny. The exam expects you to know the PE, PA, and PEP triad. PKI, SIEM, and NAC are supporting technologies, not core architectural components.",secp701::d1::context
"A threat actor modifies payroll database fields (hourly rate, overtime multiplier, tax-withholding code) and updates checksums to match. The change was not detected until a user noticed an incorrect payment. A user receives a payroll direct deposit that is $237.18 more than their usual amount. The accounting department investigates and discovers that a threat actor modified three fields in the payroll database: the employee's hourly rate, the overtime multiplier, and the tax-withholding code. The database checksums for those records still match the stored values because the actor updated both the data and the checksums simultaneously. Which element of the CIA triad was primarily compromised, and which control would have prevented this?",The scenario describes unauthorized data modification — this is an integrity violation. The actor bypassed integrity protection by also updating the checksums. Storing cryptographic hashes on a separate write-once system (WORM storage or a different server) would detect tampering because the actor cannot modify both the data and the protected baseline hashes. This is a common exam scenario testing integrity controls beyond simple hashing.,secp701::d1::context
An organization deploys a fake record in its customer database that appears to be a valid credit-card entry. The record contains unique markers detectable only by the organization. Which type of deception technology is this?,"Honeytokens are decoy data objects placed in legitimate systems to detect unauthorized access or exfiltration. Fake credit-card records, fake credentials, and fake API keys are all honeytokens. Honeypots and honeynets are decoy systems, not data records. Honeyfiles are decoy files. The CompTIA exam tests the distinction between these deception technologies.",secp701::d1::context
"A CAB-approved firmware upgrade causes a partial outage. The engineer uses a documented rollback procedure to restore previous firmware in 22 minutes. A network engineer proposes upgrading the firmware on all core switches to patch a critical vulnerability. The change advisory board (CAB) approves the change with a scheduled maintenance window of Saturday 2:00 AM to 6:00 AM. During the upgrade, three switches fail to reboot correctly, causing a 45-minute outage for the finance department. The engineer runs the documented rollback procedure and restores the previous firmware, which takes 22 minutes. Which change management element was most critical in minimizing the overall impact?","The backout plan (also called rollback plan) is a documented procedure for reverting a change to its previous state. The engineer used this plan to restore the firmware, minimizing the outage to 22 minutes. While the maintenance window (d) and CAB approval (c) are important change management elements, the backout plan was most critical for impact minimization during the failure. CompTIA emphasizes the backout plan as a key component of any change request.",secp701::d1::context
"An emergency zero-day patch is applied to a VPN appliance, bypassing the standard CAB process and causing a brief outage. A critical zero-day vulnerability is discovered in the VPN appliance that all remote employees use. Exploitation attempts are already detected in the wild. The security team needs to apply an emergency vendor patch immediately. Due to the urgency, the team bypasses the standard CAB process and deploys the patch during business hours, causing a 12-minute VPN outage. Which of the following should the team do AFTER applying the emergency change?","In change management, emergency changes bypass the standard approval process but must still be documented and presented to the CAB for retrospective approval. This ensures accountability and process compliance. CompTIA tests the post-emergency-change procedure: document what was done, why it was emergent, and obtain retrospective approval from the CAB or designated authority.",secp701::d1::context
"Change management defines how system modifications are proposed, reviewed, approved, and reversed. Which of the following best describes the purpose of a standard operating procedure (SOP) in the change management process?","A standard operating procedure (SOP) provides detailed, step-by-step instructions for performing a routine operation. In change management, SOPs ensure that common changes (e.g., patching a server, adding a firewall rule) are performed consistently and correctly. CompTIA tests the distinction between SOPs (how to do it), CAB charters (who approves it), and CMDBs (what exists).",secp701::d1::context
"A database is approaching storage capacity and needs 500 GB allocated from the SAN — a routine procedure. The CAB meets on Thursdays, but the issue must be resolved within 48 hours. A company's change management policy states that all infrastructure changes must be approved by the CAB, which meets every Thursday. On Tuesday, a database administrator notices that the production database is approaching its storage limit and will run out of space within 48 hours. The administrator can extend the storage volume online without any downtime by adding 500 GB of allocated space from the SAN pool — a procedure performed multiple times before. Which change type and approval process is most appropriate?","Standard changes are low-risk, pre-approved changes that follow a documented SOP. Since the DBA has performed this exact procedure multiple times with no downtime, it qualifies as a standard change that can be implemented without waiting for the full CAB meeting. Emergency changes (a) are for incidents actively causing or about to cause significant harm. Normal changes (c, d) require CAB review. CompTIA tests the distinction between standard, normal, and emergency change types.",secp701::d1::context
An organization is drafting its change management policy. Which of the following elements should be included to ensure that failed changes can be reversed quickly and predictably?,A backout plan (rollback plan) contains the specific steps to undo a change and return to the previous known-good state. Every change request should include a backout plan approved alongside the change. CompTIA emphasizes this as a critical change management element.,secp701::d1::context
A security manager is establishing a CAB and wants members who can evaluate technical feasibility and business impact. A security manager is establishing a change advisory board (CAB) for a mid-sized organization. The manager wants the CAB to include stakeholders who can evaluate both the technical feasibility and business impact of proposed changes. Which of the following individuals should the manager include on the CAB?,"A well-formed CAB includes management, technical, compliance, and business representation. The IT director provides management authority, the compliance officer ensures regulatory alignment, the network architect provides technical evaluation, and the business-unit representative assesses operational impact. CompTIA tests that the CAB should be cross-functional — not purely technical (a), purely executive (c), or including external parties (d).",secp701::d1::context
An e-commerce platform uses RSA-2048 for session key encryption and code signing. The team proposes switching to ECC P-384 for code signing while keeping RSA-2048 for session key encryption. An e-commerce platform handles millions of transactions daily. The current implementation uses RSA-2048 for both encrypting session keys and digitally signing code updates. The security team is concerned about performance overhead during peak traffic. They propose switching to ECC P-384 for code signing and keeping RSA-2048 for session key encryption. Which of the following statements about this proposal is correct?,"ECC (Elliptic Curve Cryptography) provides equivalent security to RSA with significantly smaller key sizes (P-384 ≈ RSA-7680). Smaller keys mean faster computations, smaller certificates, and lower bandwidth. ECC is used for both encryption and digital signatures. The proposal to use ECC for code signing is sound. RSA-2048 for session key encryption is a standard hybrid cryptosystem practice. CompTIA tests understanding of the RSA vs. ECC trade-offs.",secp701::d1::context
A company stores passwords with unsalted SHA-256 hashes. A penetration tester matches 40% of hashes against a rainbow table. The company plans to use salted PBKDF2. A software development company stores user passwords using SHA-256 hashes without salting. A penetration tester obtains the password hash database and discovers that 40% of the hashes match entries in a publicly available rainbow table. The company plans to remediate this by implementing salted hashing with PBKDF2. Which of the following describes the primary vulnerability being exploited and the correct mitigation?,"Rainbow tables are precomputed hash chains that allow quick lookup of common passwords. Unsalted hashes make this attack trivial — 40% of users had passwords in the rainbow table. A unique random salt per user changes the hash output completely, making rainbow tables ineffective. PBKDF2 adds key stretching (multiple iterations), slowing brute-force attacks. CompTIA tests the specific vulnerability (rainbow tables / precomputed hashes) and the correct mitigation (salting + key stretching).",secp701::d1::context
A security architect is designing a password storage system and wants to use a key-stretching algorithm that is resistant to both GPU-based parallel attacks and ASIC-based brute-force attacks. Which TWO of the following algorithms meet this requirement? (Select TWO.),"Both bcrypt and Argon2 are key-stretching algorithms designed for password hashing with configurable work factors. Bcrypt uses Blowfish with a cost parameter that makes it resistant to GPU attacks. Argon2 (available in Argon2d, Argon2i, and Argon2id variants) was designed from the ground up to resist GPU, ASIC, and side-channel attacks. MD5, SHA-1, and HMAC-SHA256 are all too fast for password storage and lack built-in key stretching.",secp701::d1::context
"A CA revokes a certificate after the private key leak. The CA updates the CRL and OCSP responder. Despite this, a browser successfully connects to the affected website without warning. A certificate authority (CA) is notified that a web server's private key was accidentally published in a public GitHub repository. The CA needs to inform relying parties that the certificate is no longer valid before its expiration date. The CA updates the certificate revocation list (CRL) and also ensures the OCSP responder returns a 'revoked' status. A security analyst visits the affected website and notices that the browser does not show a warning — the connection establishes successfully. Which of the following is the most likely cause?","OCSP soft-fail is a browser behavior where the connection proceeds if the OCSP check fails or times out. Most browsers prioritize availability over strict revocation checking. Chrome and Firefox use OCSP soft-fail by default, meaning a revoked certificate can still work if the OCSP responder is slow, unreachable, or if the check is not enforced. This is a well-known Security+ scenario testing understanding of OCSP modes (soft-fail vs. hard-fail) and CRL vs. OCSP behavior.",secp701::d1::context
"A security engineer is configuring TLS for a web application that handles sensitive financial data. The engineer wants to ensure that even if the server’s long-term private key is compromised in the future, past session keys cannot be decrypted. Which cryptographic property should the engineer enable?","Perfect Forward Secrecy (PFS) ensures that session keys are derived using ephemeral (temporary) Diffie-Hellman key pairs. Even if an attacker obtains the server's long-term private key, they cannot decrypt past TLS sessions because the ephemeral keys are discarded after each session. DHE (Ephemeral Diffie-Hellman) and ECDHE (Ephemeral Elliptic Curve Diffie-Hellman) provide PFS. CompTIA tests PFS as a critical property for protecting past communications from future key compromise.",secp701::d1::context
"An organization’s cryptographic inventory includes RSA-2048 for digital signatures, ECDHE for key exchange, and AES-256-GCM for bulk encryption. A security consultant warns that sufficiently large quantum computers will eventually break RSA and ECDHE. Which of the following describes the quantum-resistant alternatives the organization should evaluate?",NIST's post-quantum cryptography standardization has selected CRYSTALS-Dilithium (digital signatures) and CRYSTALS-Kyber (key encapsulation / key exchange) as primary algorithms. These are lattice-based and believed to be resistant to Shor's algorithm (which breaks RSA and ECC). AES-256 (symmetric) and SHA-512 (hashing) are considered quantum-resistant with increased key/hash sizes (Grover's algorithm halves AES security). CompTIA SY0-701 includes awareness of post-quantum cryptography.,secp701::d1::context
"A defense contractor's R&D network was breached over 18 months. Attackers used custom malware and zero-days. Threat intelligence attributes to a foreign government. A security operations center detects a sophisticated, multiyear intrusion targeting a defense contractor's research and development network. The attackers used custom malware, exploited zero-day vulnerabilities, and exfiltrated data slowly over 18 months. Threat intelligence attributes the activity to a foreign government. Which threat actor characteristic BEST distinguishes this from a hacktivist or cybercriminal group?","The scenario describes a classic APT operation: custom malware, zero-days, extended presence, and foreign government attribution. Nation-state actors have the resources for such operations. Hacktivists seek publicity, cybercriminals seek immediate financial gain.",secp701::d2::context
"Manufacturing breach: watering hole, encrypted DNS tunnels, business-hours activity over months, exfiltration of CAD files for new product design. A security analyst is reviewing indicators from a breach at a manufacturing company: (1) watering hole attack on an industry news site, (2) malware using encrypted DNS tunnels, (3) intrusions during business hours over three months, (4) exfiltration of product design CAD files. Which TWO threat actor types are MOST consistent? (Select TWO.)","Watering hole attacks and encrypted DNS tunnels are sophisticated techniques. Targeting CAD files suggests industrial espionage. Nation-state actors (a) often conduct industrial espionage, and competitor-sponsored actors (f) may fund such operations.",secp701::d2::context
"Employee accessed 15,000 PII records over 3 weeks, emailed to personal account, accessed off-hours from non-corporate IP. A security team discovers an employee accessed 15,000 customer PII records over three weeks and emailed them to a personal account. The employee had legitimate access but accessed records outside normal business hours from a non-corporate IP. Which TWO indicators BEST suggest intentional insider threat rather than accidental exposure? (Select TWO.)","Unusually high data volume (a) and off-hours access from personal IP (c) are strong behavioral indicators of intentional data theft, distinguishing it from accidental exposure.",secp701::d2::context
"Two incidents: embassy defacement with email leaks, and hospital ransomware demanding 50 bitcoin. An organization experiences two incidents simultaneously. Incident A: A government embassy website is defaced with protest messages, and internal emails are leaked to the press. Incident B: A hospital's patient database is encrypted, and attackers demand 50 bitcoin. Which TWO threat actor types MOST likely correspond to these incidents? (Select TWO.)","Incident A (defacement, political leaks) is hacktivist. Incident B (ransomware demanding bitcoin) is organized crime. These are unrelated attackers with different motivations.",secp701::d2::context
"Threat actor: business hours operation, public tools, no lateral movement, ransom demands, RDP brute force initial access. A security team is profiling a threat actor. The actor operates during business hours, uses publicly available tools, has not attempted lateral movement, and has made ransom demands. Initial access was through RDP brute force. Which TWO motivations MOST likely describe this actor? (Select TWO.)",The ransom demand establishes financial gain (b). The RDP brute force and public tools without lateral movement suggest an opportunistic actor (e) scanning for easy targets rather than conducting a targeted campaign.,secp701::d2::context
"Penetration test: USB baiting in parking lot, rogue AP, SQL injection on web login. A penetration tester gains access through three methods: (1) USB drive labeled 'HR Bonus Schedule' found in the parking lot, (2) rogue access point named 'Guest WiFi' in the lobby, and (3) SQL injection on a web application login form. Which TWO attack vectors are being used? (Select TWO.)","USB baiting (a) is social engineering via physical media. The rogue access point (c) is a wireless attack vector. SQL injection is a vulnerability technique, not an attack vector. The Security+ exam distinguishes attack vectors (how access is gained) from specific attack techniques.",secp701::d2::context
Employee receives urgent email from spoofed CEO domain requesting gift card codes during a meeting. An employee receives an urgent email from 'ceo@company-support.com' claiming to be the CEO who needs $500 in gift card codes immediately because they are in a meeting. Which TWO social engineering principles is this primarily exploiting? (Select TWO.),"This whaling attack combines authority (a) by impersonating the CEO, and urgency (c) by claiming immediate need during a meeting. The spoofed domain and urgency pressure the employee to act without verification.",secp701::d2::context
"Network monitoring tool backdoored during development, affecting 500+ organizations across multiple sectors. A widely used network monitoring tool installed in 500+ organizations was backdoored during development, inserting malicious code creating a reverse shell on receiving a crafted packet. Which TWO attack vector categories does this represent? (Select TWO.)","The backdoor during development is a software supply chain attack (a). Since the vendor developed the tool externally, this also represents third-party risk (d). Organizations trusted the vendor but the development process was compromised.",secp701::d2::context
"Voicemail impersonating IT support demanding domain password under threat of account disablement, with spoofed caller ID. A user receives a voicemail claiming to be from IT, stating their account will be disabled unless they call back and provide their domain password. The caller ID shows the company's support number. What attack type is this?","Vishing (voice phishing) uses phone calls or voicemail. The 'v' stands for voice. Security+ distinguishes phishing (email), vishing (voice), and smishing (SMS).",secp701::d2::context
"CFO receives email impersonating CEO about acquisition, requesting $2.3M wire transfer. Domain is typosquatted version of company domain. A CFO receives an email appearing to be from the CEO, referencing an acquisition discussed in the board meeting, requesting a $2.3 million transfer to an escrow account. The email domain differs from the company's by one letter. What type of attack is this?","Whaling targets C-suite executives with personalized business-contextual attacks. The typosquatted domain, acquisition reference, and CFO targeting are whaling hallmarks.",secp701::d2::context
USB-infected workstation beaconing to external IP every 60 seconds. AV detects but cannot remove due to hidden partition reinfection. A workstation infected via USB baiting shows beaconing traffic every 60 seconds to an external IP. Antivirus detects but cannot remove the malware because it reinfects from a hidden partition. What type of malware is MOST likely involved?,"A rootkit hides its presence and can persist by storing components in hidden partitions, MBR, or firmware. The reinfection despite detection and beaconing to an external IP are rootkit characteristics.",secp701::d2::context
"50,000 failed logins from one IP in 15 minutes, then success. Username from a data breach. Authentication logs show 50,000 failed login attempts from a single IP over 15 minutes, followed by a successful login. The username appeared in a recent data breach. What type of password attack was MOST likely used?","50,000 attempts against one username is brute force. The attacker had the username from a data breach but not the password, so they tried many passwords until one succeeded.",secp701::d2::context
"Web app search page echoes input in URL. Crafted link executes JS in admin's session, performing actions as the admin. A web application's search page echoes user input in the URL. An attacker crafts a malicious link that, when clicked by an authenticated admin, executes JavaScript in the admin's browser and performs actions on their behalf. What type of attack is this?","Reflected XSS occurs when user input is immediately echoed by the server without encoding. The attacker crafts a URL; when clicked, the server reflects the script, and the victim's browser executes it. Input validation and output encoding prevent this.",secp701::d2::context
Financial app account number field accepts '1 OR 1=1' returning all customer balances instead of the requested account. A financial application allows users to enter an account number to view their balance. A tester enters '1 OR 1=1' and receives a list of all customer balances instead of just one. What vulnerability exists?,The '1 OR 1=1' input modifies the SQL WHERE clause to return all rows — classic SQL injection. Parameterized queries prevent this.,secp701::d2::context
"Attacker captures TLS handshake traffic, replays it to establish a new session accepted by the server as legitimate. An attacker intercepts communication during a TLS handshake, captures the encrypted traffic, disconnects the client, then replays the captured packets to the server to establish a new session. The server accepts the replayed traffic as legitimate. What type of attack is this?","A replay attack captures legitimate traffic and retransmits it. The server lacks replay protection (timestamps, nonces, sequence numbers). The attacker does not need to decrypt the traffic.",secp701::d2::context
"E-commerce site traffic up 400% from thousands of unique IPs worldwide requesting the same page. Server overloaded, customers timing out. Network traffic to an e-commerce site increased 400% in an hour from thousands of unique IPs across multiple countries, all requesting the same page. Server CPU is at 98% and legitimate customers receive timeouts. What type of attack is occurring?","DDoS uses multiple compromised systems (botnet) to flood a target, making it unavailable. The indicators — thousands of unique IPs, traffic spike, and timeouts — are classic DDoS symptoms.",secp701::d2::context
"Help desk receives call from attacker posing as sales rep using directory information. Password reset provided over phone. A help desk employee receives a call from someone claiming to be a remote sales rep who forgot their password. The caller provides the rep's name, employee ID, and manager's name — all from the internal directory. The help desk resets the password and gives the temporary password over the phone. What social engineering principle was exploited?",Pretexting involves fabricating a scenario to obtain information. The attacker researched directory details and used them to build a convincing pretext. The help desk should have verified identity through out-of-band methods.,secp701::d2::context
Emergency patch for vulnerability discovered by researcher. Vendor had no prior knowledge. Crafted HTTP header causes crash and potential RCE. A vendor releases an emergency patch for a web framework vulnerability reported by a researcher. The vendor had no prior knowledge and no patch existed before the report. Sending a crafted HTTP header causes a crash and potential RCE. What type of vulnerability is this?,A zero-day vulnerability is unknown to the vendor with no patch existing at discovery. 'Zero-day' refers to the days the vendor has had to address it: zero.,secp701::d2::context
"C program copies 300 bytes into 256-byte buffer without bounds checking, causing overflow and adjacent memory corruption. A C program copies user input into a 256-byte buffer without length checking. Sending 300 bytes crashes the program and overwrites adjacent memory with attacker data. What vulnerability is this?","Buffer overflow occurs when data exceeds allocated buffer size and overwrites adjacent memory. Defenses include bounds checking, safe functions (strncpy), stack canaries, and ASLR.",secp701::d2::context
"An accounts-payable clerk receives a direct message in the company's chat application from a profile showing the CEO's name and photo. The message urgently requests gift-card codes to close a time-sensitive vendor deal and includes a link to an external redemption page. When the clerk opens the sender's full profile, the account was created the previous day and its handle differs slightly from the real executive's. Which threat vector delivered this attack?","The attack arrived as a direct message in the company's instant-messaging application, which makes it a message-based vector delivered over instant messaging. Voice call (b) describes vishing over the phone, file-based (c) requires a malicious attachment, and image-based (d) requires a payload hidden in a picture — none of which matches a chat message with a link. Impersonating the CEO and manufacturing urgency are social-engineering elements, but the vector is the messaging channel that carried them.",secp701::d2::context
"Two users edit same document concurrently. Both pass permission checks on open. Second save overwrites first without warning. Two users simultaneously edit a shared document. Both pass permission checks on open. User A saves, then User B saves, overwriting A's changes without warning. What vulnerability is this?","This is a time-of-check/time-of-use (TOCTOU) race condition. The permission check occurs at open time, but the state changes before the save. File locking or versioning prevents this.",secp701::d2::context
"A security analyst reviews an incident at a company whose employees use Bluetooth headsets paired to corporate laptops. While several employees sat near the lobby with their laptops in discoverable mode, an attacker in the same room used a Bluetooth scanning tool to silently pull contact details and calendar entries from the devices without permission. The laptops had no open network ports and full-disk encryption was enabled. Which threat vector did the attacker exploit?","Bluetooth is grouped under unsecure networks in objective 2.2, and the attacker exploited the discoverable Bluetooth radio link to read data without permission — an attack known as bluesnarfing. Open service ports (b) would require a listening TCP or UDP service, which the laptops did not have, and removable device (c) requires physical media. Default credentials (d) describes logging in with a factory-set password, which did not occur. Disabling Bluetooth when it is not needed and turning off discoverable or pairing mode reduce this exposure.",secp701::d2::context
"Hospital MRI running Windows XP on network. No patches available. FDA prevents OS upgrade. A hospital MRI machine running Windows XP is connected to the network. The vendor no longer patches the OS, and FDA regulations prevent upgrades. What is the MOST significant security risk?","End-of-life software receives no security patches, making the system vulnerable. Mitigations include network segmentation, strict access controls, and application whitelisting.",secp701::d2::context
SaaS HR app allows accessing any W-2 by changing a URL parameter. Authentication required but no per-document authorization check. A SaaS HR app allows accessing any employee's W-2 by changing a number in the URL. The app authenticates but does not verify authorization for the specific document. What vulnerability is this?,IDOR occurs when an application exposes internal object references without verifying authorization for the specific object. Proper access control checks for each requested resource prevent IDOR.,secp701::d2::context
Production database with default 'sa' account and weak password. Failed login attempts observed from unknown IPs. A production database server has the default 'sa' account password set to 'password123'. Logs show failed login attempts from unknown IPs. What vulnerability does this represent?,"Default credentials are a security misconfiguration. Hardening baselines, configuration management, and vulnerability scanning help prevent such misconfigurations.",secp701::d2::context
"An employee of a law firm finds a USB flash drive in the parking lot with a label reading 'Q3 bonus schedule.' Curious, the employee plugs the drive into a work laptop, and an autorun file on the drive installs a keystroke logger that begins sending captured keystrokes to an external server. No email, phone call, or network connection was used to deliver the malware. Which threat vector describes how the malware entered the environment?","The malware entered through a removable device: an attacker planted the USB drive as bait and the employee attached it, triggering the autorun payload. The label's wording is a social-engineering lure, but message-based vectors (b) deliver content through communication channels, and nothing here came through email, SMS, or IM. Supply chain (c) would require the drive to arrive through a legitimate vendor, and open service ports (d) would require a network service to be attacked — neither occurred. Disabling autorun, restricting removable media, and endpoint protection reduce this exposure.",secp701::d2::context
"An internal server is making many DNS queries to unusual external domains with encoded subdomain strings, consistent with DNS tunneling. The analyst needs to determine the appropriate first response. A security analyst receives an alert from a SIEM indicating that an internal server has been making a high volume of DNS queries to multiple unusual external domains over the past hour. The DNS queries contain encoded subdomains with random-looking strings. Which action should the analyst take FIRST?","DNS tunneling encodes data in DNS queries to bypass network perimeter controls. The encoded subdomain strings are a classic indicator of DNS tunneling. Restricting outbound DNS to authorized internal resolvers (c) is the most targeted first response because it blocks the covert communication channel without destroying volatile evidence, while allowing the analyst to gather packet captures and investigate the host further. Disconnecting the server (b) destroys evidence and alerts the attacker.",secp701::d2::context
"A known-malicious SHA-256 hash has been identified on an endpoint. The file resides in a user-writable directory, was executed recently, and matches an entry in the organization's threat intelligence feed. The analyst must determine the scope and impact of the potential compromise. During a threat hunting engagement, an analyst discovers an SHA-256 file hash on an endpoint that matches a known-bad signature in the organization's threat intelligence platform. The file is located in the user's AppData folder and was executed within the last 24 hours. Which action BEST supports the analyst's investigation?","The key investigative step when a known-malicious hash is found is determining scope. By searching the TIP-matched hash against internal asset logs (EDR, SIEM, asset inventory), the analyst identifies all hosts that executed the file, establishing the blast radius before escalating. This contextualizes the threat feed data within the organization's specific environment.",secp701::d2::context
"An internal workstation with no interactive user sessions has maintained a persistent, encrypted outbound connection to a single external IP for 21 days. This pattern was identified during routine netflow analysis and has not triggered any IDS alerts because the traffic is encrypted. A security engineer reviewing netflow data observes an internal workstation maintaining a long-duration HTTPS connection to a single external IP address on port 443. The connection has been continuous for three weeks and the internal host is not running any user-facing applications. Which pattern does this behavior represent?","Long-duration, persistent HTTPS connections from an internal host to a single external IP are a hallmark of C2 beaconing. The adversary maintains periodic contact over an encrypted channel that appears legitimate to network-based security controls. The extended duration (21 days) without user activity is a strong indicator that this is not normal browsing but adversary-controlled communication.",secp701::d2::context
"A beverage manufacturer connects an internet-facing building-automation controller to monitor warehouse temperature remotely. Months after deployment, monitoring logs show an unknown actor signed in to the controller's administrator console using the manufacturer's default administrator password, which was never changed from the factory setting, and altered the temperature schedule. Which threat vector provided the attacker's initial access?","Default credentials are a common initial-access vector: devices shipped with well-known factory passwords remain vulnerable when the default is never changed, as happened here. Vulnerable software (b) would require exploiting a firmware flaw, open service ports (c) an attack against a listening service, and unsecure networks (d) a compromised network medium — none of which occurred. Requiring a unique administrator password before deployment, disabling remote management where possible, and scanning for devices still using factory defaults mitigate this risk.",secp701::d2::context
"While on a business trip, an employee connects a company laptop to the hotel's free Wi-Fi, which uses no encryption and no authentication. A nearby attacker runs a rogue access point broadcasting the same network name, the laptop associates with it, and the attacker captures the employee's credentials when they sign in to the company portal. Which threat vector does this attack represent?","The attacker used an unsecure network: the hotel's open Wi-Fi had no encryption or authentication, and a rogue access point with the same SSID let the attacker capture traffic the employee believed was going to the hotel's network. Open service ports (b) would require a vulnerable listening service, removable device (c) physical media, and default credentials (d) a guessed password — none apply. Using a VPN, verifying certificates, and avoiding open networks for sensitive logins reduce this exposure.",secp701::d2::context
"A novel ransomware sample has been obtained via a forensic disk image and requires behavioral analysis. The researcher must observe how it encrypts files, whether it deletes volume shadows, and what C2 communication it attempts. The analysis environment must not allow the sample to contact external systems or spread to shared network resources. A malware researcher needs to detonate and observe a novel ransomware sample's full attack lifecycle, including encryption behavior and outbound communication attempts, without risking spread to production systems or external networks. Which environment configuration BEST satisfies these requirements?","INetSim simulates internet services on a closed network, enabling the malware to attempt its full attack sequence including C2 callbacks and encrypted communication, while all traffic stays within the isolated analysis network. This is the industry-standard sandboxing technique for malware behavioral analysis.",secp701::d2::context
"Post-incident analysis reveals that compromised hosts were able to resolve adversary-controlled domain names and establish C2 connections before the domains were sinkholed by threat intelligence providers. The security team is evaluating network-level controls to prevent this from recurring. During the remediation phase of an incident, a security engineer determines that several internal hosts successfully resolved C2 domain names via DNS before the domains were sinkholed. Which mitigation technique would have MOST effectively prevented those hosts from reaching the C2 infrastructure at the network level?","DNS sinkholing is a network-level control that intercepts DNS resolutions for known-malicious domains and returns a non-routable or dead IP address, preventing the host from establishing any connection to the C2 infrastructure. It operates at the DNS layer, which is one of the most effective places to break the kill chain because malware must resolve a domain before it can connect.",secp701::d2::context
The FS-ISAC has issued a flash alert about an APT group known to target core banking systems. The alert includes file hashes and C2 domain names (IoCs) as well as behavioral descriptions of the attacker's initial access techniques and lateral movement patterns (IoA). The security team wants to use this intelligence for proactive hunting rather than reactive alerting. A financial sector organization's security team receives a threat intelligence report identifying a threat actor group targeting banking infrastructure. The report contains both Indicators of Compromise (IoC) and Indicators of Attack (IoA). Which combination of inputs BEST supports the team's proactive threat hunting efforts?,"IoCs and IoAs are complementary. IoCs provide exact forensic artifacts — file hashes, C2 domains, IP addresses — that can be used to pivot through logs and identify existing infections. IoAs describe attacker behaviors and TTPs that can be used to detect novel attacks or variants that do not yet have assigned IoCs. The combination enables both precise known-bad detection and proactive behavioral hunting.",secp701::d2::context
"An organization is prioritizing remediation for a critical CVE affecting an internet-facing server. The base score is 9.8 due to the trivial exploitability and complete impact on confidentiality, integrity, and availability. However, the organization has full environmental control over this asset and is applying CVSS environmental metrics to refine prioritization. An analyst receives a CVE with a CVSS 3.1 base score of 9.8 (Critical) for a remote code execution vulnerability affecting an organization's externally accessible web server. The CVE has been public for 90 days, an exploit is available in Metasploit, and an official patch was released by the vendor 30 days ago. Which CVSS component has the MOST direct impact on reducing the environmental risk score?","CVSS Temporal Metrics adjust the base score based on characteristics that change over time. The Remediation Level metric specifically reflects the state of available fixes: Unavailable, Workaround, Temporary Fix, or Official Fix. Since an official patch has been released but the organization has not yet deployed it, setting Remediation Level to Temporary Fix accurately captures the remediation state and produces the most appropriate environmental risk score for scheduling the patch within the next maintenance window.",secp701::d2::context
"An organization has completed a software composition analysis scan revealing over 200 vulnerabilities across 40 third-party libraries used in production applications. Patching requires regression testing in a staging environment before production deployment, which takes 5 business days per major library upgrade. Critical vulnerabilities are being actively exploited in the wild according to threat intelligence. A software development organization has a large codebase with multiple known vulnerabilities in third-party libraries. The security team cannot patch all vulnerabilities immediately due to testing and deployment constraints. Which patching strategy provides the MOST risk-reduction value in the shortest timeframe?","Risk-based patching prioritization focuses resources on the vulnerabilities that pose the greatest imminent threat. Known-exploit vulnerabilities should be patched before those with no known exploit, and before addressing the full vulnerability backlog. This approach maximizes security benefit within operational constraints while acknowledging that not all vulnerabilities can be patched simultaneously.",secp701::d2::context
"A web application's authentication module accepts user credentials via a login form, processes session tokens from cookies, and queries a backend database using parameters derived from user input. The code review found that user input fields are used directly in SQL queries, session tokens are not validated for format, and no bounds checking is performed on password length fields. A development team is building a web application that handles user authentication and session management. During a secure code review, the team identifies several areas where input is processed without validation. Which secure coding practice should be implemented FIRST to MOST effectively reduce the attack surface of the authentication mechanism?","SQL injection is the highest-priority finding from the code review because it fundamentally undermines the confidentiality and integrity of all data in the backend database. Parameterized queries eliminate SQL injection at the source by ensuring user input is always treated as data, never as executable SQL code. This is a foundational secure coding practice that must be implemented before others.",secp701::d2::context
"A security analyst has received a suspicious email attachment — a Microsoft Word document — that arrived through the organization's email gateway. The document was not flagged by antivirus engines. The analyst suspects it contains a malicious macro that, when opened, will attempt to download and execute secondary malware from an external server. An organization receives a suspicious email containing an attached document that the security team suspects contains a macro-based malware payload. The team wants to analyze the document's behavior without risking infection of production systems. Which analysis approach BEST meets these requirements?","Dynamic analysis in an isolated sandbox with monitoring and simulated network services is the most effective way to fully observe a macro-based malware's behavior. The sandbox contains the malware, monitoring tools capture process and network activity, and INetSim prevents the malware from reaching real external C2 infrastructure while still allowing it to execute its full attack sequence.",secp701::d2::context
"A manufacturing company operates a flat network where IT workstations and OT devices share the same Layer 2 network segment. A recent phishing compromise on the IT side has raised concerns that an attacker could pivot into the OT environment and interfere with industrial control processes. The OT devices run legacy firmware that cannot be patched and do not support modern security agents. A manufacturing company's operational technology (OT) network contains legacy PLCs and SCADA systems that cannot run traditional endpoint security agents. The IT network was recently compromised, and the security team is concerned about lateral movement from IT into the OT environment. Which mitigation strategy provides the MOST effective protection against lateral movement from the IT network to the OT network?","Network segmentation is the primary mitigation for OT/IT convergence risk when endpoint controls cannot be deployed on OT devices. By placing OT systems on an isolated VLAN with a firewall enforcing deny-by-default, the organization creates a hard architectural boundary that prevents an IT-network compromise from directly reaching OT assets. This is a foundational OT security strategy recommended by NIST and ISA/IEC 62443.",secp701::d2::context
"The e-commerce platform consists of a public-facing web application hosted in a DMZ, with backend API servers and a database in protected network segments. The current perimeter firewall operates at Layer 3 and Layer 4, inspecting source/destination IPs and ports. SQL injection and RFI attacks are being detected only in application logs after they have already reached the web server. An e-commerce company is experiencing repeated application-layer attacks against its public web application, including SQL injection attempts and remote file inclusion attacks. The attacks are targeting URLs and form parameters that the company's current perimeter firewall is not inspecting. Which security control would MOST effectively block these application-layer attacks at the network perimeter?","A Web Application Firewall (WAF) is designed specifically to inspect and protect HTTP/HTTPS application-layer traffic. It can decode URL parameters, form fields, headers, and request bodies to detect SQL injection patterns, RFI payloads, and other application-layer attacks before they reach the application server. A WAF is the most targeted and effective control for protecting web applications from Layer 7 attacks.",secp701::d2::context
"The organization's current IDS is signature-based, meaning it detects only known attack patterns that have been previously identified and fingerprinted. Security analysts have observed several incidents where sophisticated attackers bypassed the IDS by using novel tools and techniques not yet in the signature database. The organization wants to add a detection capability that does not depend on known-bad signatures. A company's security architecture relies on an intrusion detection system that monitors network traffic for known-bad signatures. The team wants to add a capability that can detect anomalous network behavior that may indicate previously unknown attack patterns. Which component should be added to the architecture to BEST achieve this goal?","Network Traffic Analysis platforms use machine learning and behavioral analytics to detect anomalies in network traffic patterns — deviations in connection frequency, protocol usage, data volumes, and timing — that may indicate novel attacks. Unlike signature-based IDS, NTA does not require a known-bad pattern to trigger an alert, making it effective against advanced persistent threats that use custom or previously unseen tools.",secp701::d2::context
"Post-incident analysis revealed that a SQL injection vulnerability in a public web application allowed the attacker to execute OS commands on the web server, escalate privileges, and move laterally into the internal network. The organization has budget and timeline constraints and must prioritize controls that provide defense-in-depth against web application attacks. An organization recently experienced a security incident where an attacker exploited a vulnerable public-facing web application to gain initial access to the internal network. The security team is implementing multiple controls to prevent a recurrence. Which configuration represents the MOST effective implementation of a layered mitigation strategy?","Defense-in-depth requires multiple controls at different layers. Parameterized queries eliminate SQL injection at its source in the application code, while a WAF provides a network perimeter control that detects and blocks injection attempts before they reach the application. If the developer introduces an injection flaw despite training, the WAF provides a compensating control. This layered approach is the most effective strategy against web application attacks.",secp701::d2::context
The organization is deploying a new publicly accessible web server running a standard Linux distribution. The server will host a custom web application and must be hardened before production deployment. The security team is evaluating which industry-standard hardening guide to apply. A security engineer hardening a new Linux web server implementation wants to reduce the attack surface of the operating system. Which hardening baseline provides the MOST comprehensive set of recommendations for securing a Linux server in a production environment?,"CIS Benchmarks are the industry standard for OS and platform hardening. They provide consensus-based, detailed configuration checklists covering account policies, network configuration, auditing, file permissions, and service restrictions. Applying CIS Benchmarks during server provisioning significantly reduces the attack surface before any application is deployed.",secp701::d2::context
"An organization needs to implement an outbound web proxy to enforce acceptable use policies, block access to malicious websites, and maintain audit logs of all HTTP/HTTPS requests for compliance. The proxy must handle both HTTP and HTTPS traffic, as most modern web traffic is encrypted. A security team is configuring a forward proxy server to filter outbound web traffic from internal users. The primary objective is to prevent users from accessing known-malicious domains and to log all web requests for audit purposes. Which proxy configuration provides the MOST complete coverage for this requirement?","A forward proxy with explicit forward mode and SSL/TLS inspection provides complete visibility and control over outbound web traffic. SSL/TLS inspection (also called HTTPS interception) allows the proxy to decrypt, inspect, and apply blocklist policies to encrypted HTTPS connections. Without this capability, the proxy is blind to the majority of modern web traffic, leaving a significant security gap.",secp701::d2::context
"Three defense contractors each maintain private clouds for classified work. They need a shared environment to collaborate on a joint project with standardized security controls, shared costs, and governed access among their organizations. A defense contractor operates a private cloud for classified workloads and also uses a public cloud SaaS for email. To collaborate on a joint weapons-system project with three other contractors, each maintains their own private cloud but needs a shared environment with standardized security controls and shared costs. Which cloud deployment model BEST satisfies the collaboration requirement?","Community cloud is infrastructure shared by several organizations with common concerns. The three defense contractors share compliance requirements (ITAR/export controls), want standardized security, and share costs — exactly the community cloud use case. Hybrid connects public+private for one org; multi-cloud is separate providers.",secp701::d3::context
"Two virtualization use cases: (1) production server consolidation requiring direct hardware access with no underlying OS, and (2) a developer workstation running multiple test VMs on top of Windows 11. A security architect is evaluating virtualization platforms for two use cases: (1) a bare-metal deployment consolidating six legacy servers onto a single host where the hypervisor must have direct hardware access with no host OS overhead, and (2) a developer workstation running multiple Linux distros for testing where the hypervisor runs on top of Windows 11. Which hypervisor types correspond to each use case? (Choose TWO.)","Type 1 (bare-metal) hypervisors like VMware ESXi or Hyper-V Server run directly on hardware with no host OS, maximizing performance for server consolidation. Type 2 (hosted) hypervisors like VMware Workstation or VirtualBox run as applications on an existing OS, appropriate for developer workstations. The question tests understanding that 'type' refers to architecture, not a numbering scheme.",secp701::d3::context
"A penetration tester exploits a hypervisor vulnerability allowing a process inside one VM to read host and cross-VM memory. During a penetration test, an assessor exploits a vulnerability in the hypervisor that allows code executing inside a VM to read memory from the host OS and other VMs on the same physical host. Which type of attack has been successfully demonstrated, and what control would MOST directly prevent it?","VM escape is when code executed inside a VM breaks the hypervisor boundary to access the host or other VMs. Hypervisor patching fixes known vulnerabilities, and hardware virtualization extensions with second-level address translation (EPT/SLAT) provide hardware-enforced isolation between VMs.",secp701::d3::context
"A SCADA system on an isolated OT network has no antivirus or patches due to production concerns. A contractor bypassed the air gap by connecting a diagnostic laptop directly to the OT network. A manufacturing plant deploys a SCADA system controlling robotic assembly arms on an isolated OT network. The OT team refuses to install antivirus or apply patches because it could disrupt time-sensitive production cycles. The IT team discovers that a contractor connected a laptop to the OT network for diagnostics, bypassing the air gap. What is the MOST significant security risk this scenario illustrates?","OT/ICS environments face dual risk: (1) systems can't be patched or scanned because of availability requirements, and (2) air gaps are fragile — easily defeated by contractors, vendors, or removable media. This is why the Purdue model and OT-specific segmentation are critical for securing industrial environments.",secp701::d3::context
"A DevOps team uses Terraform for cloud infrastructure. Secret scanning catches an AWS key committed to Git and automatically revokes it before the merge proceeds. A DevOps team uses Terraform to define cloud infrastructure as code, storing templates in a Git repository. A developer accidentally commits an AWS access key into the repo, triggering a secret-scanning tool that automatically revokes the key and blocks the merge. Which security principle of Infrastructure as Code does this workflow BEST demonstrate?","Policy as code embeds security rules directly into the CI/CD pipeline, automatically enforcing them before infrastructure changes are applied. This is a core security benefit of IaC — catching misconfigurations and secrets before they reach production, rather than after.",secp701::d3::context
"A hospital wants microsegmentation with centrally enforced policies between MRI imaging systems and a PACS server, currently using traditional distributed routing decisions. A hospital network uses traditional networking where each switch and router makes independent forwarding decisions. The security team wants to implement microsegmentation so that the MRI imaging systems can ONLY talk to the PACS server on port 389, and the PACS server can ONLY accept connections from imaging systems — enforced centrally, not per-device ACLs. Which architecture change is required?","SDN separates the control plane (centralized controller) from the data plane (switches), enabling centrally managed microsegmentation policies. The controller programs flow rules into switches, enforcing exactly which hosts can communicate on which ports — without configuring ACLs on each device individually.",secp701::d3::context
"A company uses AWS EC2 (IaaS) for a web app. They manage the OS and app; AWS manages hosts and hypervisor. A physical server TPM firmware vulnerability is discovered. An organization migrates a customer-facing web application to AWS using EC2 (IaaS). They configure security groups, patch the guest OS monthly, and manage the application code. AWS manages the underlying host hardware and hypervisor. A vulnerability is later discovered in the physical server's TPM firmware. Who is responsible for patching this firmware, and what is this division of responsibility called?","The shared responsibility model divides duties: the cloud provider secures the physical infrastructure (hosts, network, hypervisors, firmware), and the customer secures whatever runs on top (OS, apps, data, network configs in IaaS). Physical TPM firmware is unequivocally the provider's responsibility.",secp701::d3::context
"Both virtual machines and containers isolate workloads, but they do so at different layers of the stack. Which statement accurately describes the security differences between virtual machines and containers?","VMs virtualize hardware with a hypervisor, each running its own OS kernel — providing hardware-enforced isolation. Containers virtualize the OS, sharing the host kernel via namespaces (process isolation) and cgroups (resource limits). Container breakout typically requires fewer privileges than VM escape because the kernel attack surface is shared.",secp701::d3::context
"A regional credit union needs customers to reach a new online loan-application gateway from the internet while keeping internal systems and administrative access as protected as possible. The gateway is managed remotely by the network team, and the architect must decide where the gateway, its database, and the management interface should live. Which placement approach should the architect use to minimize the attack surface?","Placing the gateway in a screened subnet (DMZ) exposes only that zone to the internet, and limiting inbound traffic to the ports the service needs keeps exposure minimal. Isolating administration behind a jump host on a separate management segment keeps the management plane off the public path, which directly reduces the attack surface. Inbound NAT still places a trusted-LAN host in the external path, a direct public IP removes the protective zone entirely, and installing the gateway beside the databases widens the internal attack surface and puts sensitive data in the blast radius of a public service.",secp701::d3::context
"Three-tier architecture with web in DMZ, app in trusted zone, database in restricted zone. Rules specify web→app connections are allowed but app→web must be blocked. A financial services company hosts a public-facing web application with a three-tier architecture: web servers, application servers, and a database. The security architect places the web servers in a DMZ, the app servers in an internal trusted zone, and the database in a restricted zone. The architect insists that the web servers must initiate connections TO the app servers, but the app servers must NEVER initiate connections to the web servers. What network architecture principle is being enforced?","Unidirectional traffic is a core DMZ security principle. The DMZ initiates connections inward to request data, but internal systems never initiate connections outward to the DMZ. This prevents lateral movement: if an attacker compromises the DMZ web server, they cannot use it to connect back to internal systems because return connections are blocked.",secp701::d3::context
"Two firewall requirements: (1) perimeter device with stateful inspection, IPS, VPN, and application-layer identification. (2) Low-overhead device for an isolated SCADA network checking only IP/port/protocol without state tracking. An enterprise needs two firewall functions: (1) A perimeter device that performs stateful packet inspection, supports IPsec VPN termination, includes IPS, and can identify application-layer traffic like SQL injection attempts. (2) A low-overhead device for an isolated SCADA network that checks only source/destination IP, port, and protocol without tracking connection state. Which firewall types meet each requirement? (Choose TWO.)","An NGFW combines stateful inspection, IPS, application awareness, and VPN — the Swiss Army knife for perimeter protection. A stateless (packet-filtering) firewall checks each packet individually against ACL rules with no memory of prior packets, making it lightweight and appropriate for SCADA where state tracking adds unnecessary complexity and latency.",secp701::d3::context
"VLAN separation exists between imaging and records subnets, but a user with access to both VLANs can bridge traffic. The team needs to prevent lateral movement even for traffic staying within the same hypervisor. A hospital's security team discovers that after implementing VLANs to separate the MRI imaging subnet (10.1.10.0/24) from the patient records subnet (10.1.20.0/24), a clinician with access to both VLANs can initiate traffic between an imaging workstation and the records database. The team needs a solution that prevents all lateral movement between workloads regardless of IP addressing, including traffic that never leaves the hypervisor. Which approach addresses this?","VLANs only segment at the network level — they cannot control east-west traffic between VMs on the same hypervisor (which flows through the virtual switch). Microsegmentation uses distributed firewalls (e.g., VMware NSX, Microsoft Azure vNET) at the hypervisor layer to enforce host-to-host policies regardless of IP, subnet, or physical location.",secp701::d3::context
A security administrator needs to allow a small number of approved administrators to SSH into a highly restricted PCI DSS network segment that has no direct internet connectivity. All administrative sessions must be logged and monitored. What device placement strategy satisfies these requirements?,"A jump server (bastion host) is a hardened, monitored gateway that sits in a management network segment. All administrative access to restricted zones is funneled through it, providing centralized authentication, full session recording, and audit trails. No direct SSH access to PCI assets is allowed — admins must SSH into the jump server first, then connect from there.",secp701::d3::context
"2,000 remote employees use a VPN back to headquarters for cloud app access resulting in poor performance. The team wants to reduce latency, avoid HQ backhauling, and inspect traffic at the edge. A company with 2,000 remote employees currently uses a VPN concentrator at headquarters. Employees report slow performance when accessing cloud apps (Microsoft 365, Salesforce). The security team wants to reduce latency, move access control closer to users, and inspect traffic at the edge without backhauling everything through HQ. Which TWO architectural approaches address these goals? (Choose TWO.)","SD-WAN intelligently routes traffic based on destination — cloud app traffic goes direct to the internet instead of being backhauled to HQ. SASE converges SD-WAN with cloud-native security services (SWG, CASB, ZTNA) delivered from edge PoPs close to users. Together, they eliminate backhauling, reduce latency, and distribute security inspection to the edge.",secp701::d3::context
"An analyst deploys a system that responds to external port scans with realistic banners and slow handshakes to waste attacker time and alert the SOC. It contains no production data and is isolated from internal networks. A security analyst reviews IDS alerts and notices repeated port scans from an external IP targeting the DMZ. The analyst deploys a system that responds to the scans with realistic service banners and deliberately slow TCP handshake responses to waste the attacker's time while alerting the SOC. This system has no production data and is isolated from internal networks. What type of security control has been deployed, and where should it be placed?","A honeypot is a decoy system designed to attract attackers. It mimics legitimate services and provides early warning of reconnaissance. Placing it in the DMZ ensures it's reachable from the internet but isolated from production systems. Using slow handshakes and realistic banners is a common honeypot technique (e.g., using Cowrie or Dionaea) to engage attackers and buy time for detection.",secp701::d3::context
"E-commerce app needs: (1) HTTP request inspection for SQLi/XSS before hitting the app, and (2) detection of anomalous outbound traffic from the database server. A company runs a public e-commerce application with a login page, product catalog, and payment processing. The security team wants to deploy controls to: (1) inspect all HTTP requests for SQL injection and XSS payloads before they reach the application, and (2) detect anomalous outbound traffic patterns indicating data exfiltration from the database server. Which devices should be placed where?","A WAF is the correct device for application-layer HTTP inspection (SQLi, XSS, CSRF) — it's deployed inline in front of web servers. A NIDS passively monitors network traffic via a port mirror/SPAN port and can detect anomalous outbound patterns from the database (large data volumes, unusual destinations, odd protocols) without adding latency or risk of inline failure.",secp701::d3::context
"CISO mandates: (1) verify identity + device posture before access, (2) per-application tunnels (not full network), (3) hide internal IPs, (4) per-app auth instead of network-level SSO. An organization's CISO mandates that all remote access must verify identity and device posture before granting access, establish per-application encrypted tunnels rather than full network access, and hide internal IP addresses from users entirely. Users must authenticate to each application individually rather than getting a network-level ticket. Which architecture best meets these requirements?","ZTNA (a Gartner term, similar to BeyondCorp or Software-Defined Perimeter) implements per-application micro-tunnels that are established only after user and device are verified. Internal IPs are never exposed to the client. Each application requires separate authentication, and the ZTNA controller acts as a policy decision point, ensuring least-privilege access.",secp701::d3::context
A security engineer configures a firewall rule allowing inbound HTTPS traffic. A stateless firewall and a stateful firewall process this rule differently. Which statement accurately describes the difference?,"Stateless (packet-filtering) firewalls have no concept of connection state — each packet is evaluated independently against rules. Return traffic needs its own explicit allow rule. Stateful firewalls maintain a state table tracking TCP connections (SYN→SYN-ACK→ACK) and other protocol states, automatically permitting return packets that match an established session entry.",secp701::d3::context
"Data sets: customer names/emails, encrypted backups, employee salaries with SSNs, public marketing brochures, internal VoIP metadata retained 90 days. A multinational company's data governance team identifies the following data sets: (a) customer names and email addresses, (b) encrypted database backups stored off-site, (c) employee salary information with SSNs, (d) marketing brochures posted on the public website, and (e) internal VoIP call metadata retained for 90 days. According to standard data classification models, which labels should be assigned to each?","Standard classification: Public (no access restrictions, intended for public consumption), Internal (business-use data that shouldn't be public but isn't highly sensitive), Confidential (sensitive data requiring protection, e.g., PII, financial records, backups), Restricted (highly sensitive data with severe impact if disclosed, e.g., SSNs, trade secrets). Customer names/emails are PII but alone are typically Internal-to-Confidential. SSNs are Restricted. Marketing materials are Public. Backups inherit the classification of their contents.",secp701::d3::context
Hospital MRI images with PII on a NAS. Threat: attacker removes physical drives. Filesystem encryption is used but the key is on the OS volume — drives removed from the array could be read. A hospital stores MRI scan images (DICOM files) containing patient PII on a network-attached storage array. The security team needs to protect this data from a scenario where an attacker gains physical access to the storage array and removes the drives. The data must remain unreadable even if the drives are removed from the array. The array is currently encrypted at the filesystem level with a key stored on the OS volume. Which control addresses the specific threat?,"Full-disk encryption (FDE) at the hardware or controller level ensures data is encrypted on the physical platters. When combined with HSM-managed keys stored separately (not on the drives), removing the drives makes the data inaccessible — the drives need the array controller + HSM to decrypt. This directly Addresses the physical removal threat.",secp701::d3::context
"Three data states: (1) credit card transactions processing in memory, (2) encrypted backups replicated off-site, (3) user uploading documents via HTTPS to cloud storage. A security architect is designing data protection controls for three data states: (1) A database actively processing credit card transactions in memory, (2) encrypted backups replicated to a secondary data center, (3) a user uploading documents to a cloud storage portal via HTTPS. Which controls are MOST appropriate for each state, and which data states are described? (Choose TWO.)","Data in transit = moving across a network (TLS protects it). Data at rest = stored on media (encryption + key management protects it). Data in use = actively processed in RAM (memory encryption, secure enclaves protect it). State 1 is in use (memory), state 2 is at rest (stored backups), state 3 is in transit (upload).",secp701::d3::context
"Law firm DLP: (1) confidential PDFs emailed to personal Gmail, (2) case files copied to USB, (3) encrypted traffic to personal cloud storage bypassing current DLP. A law firm deploys DLP to prevent sensitive client documents from leaving the network. The firm discovered that employees were emailing PDFs containing confidential case details to personal Gmail accounts. They also found that an employee copied case files to a USB drive, and that encrypted traffic to personal cloud storage bypassed the existing DLP. Which DLP deployment types would address each vector?","Network DLP monitors traffic (email, web uploads) as it crosses the network boundary. Endpoint DLP enforces rules on the device (block USB writes, clipboard restrictions, file print/save-as). SSL/TLS inspection at the proxy decrypts outbound HTTPS traffic for inspection — without it, encrypted cloud storage traffic is opaque to network DLP.",secp701::d3::context
"A German customer requests GDPR deletion of their personal data. The company deletes it from the primary Frankfurt data center but the DR replica in Ireland still contains the data. A global SaaS company stores customer data in data centers across the US, EU, and Australia. A German customer files a request to have all their personal data deleted. The company confirms the data is stored in Frankfurt and deleted from live systems. However, the customer discovers that the company's disaster recovery replica in Ireland still contains their data. What security concept does this incident reveal the company failed to address?","Data sovereignty requires that data handling complies with the laws of the jurisdiction where it's stored. GDPR's right to erasure requires complete deletion across all copies — primary, backup, replica, and archive. The Ireland replica violated this because (1) the data still exists, and (2) the data is now stored in Ireland under Irish law, potentially without adequate GDPR safeguards if the replication was uncontrolled.",secp701::d3::context
"Patient data stored by healthcare SaaS: name, DOB, email, blood type, last visit date, credit card number used for copay. A healthcare SaaS provider stores the following data for each patient: name, date of birth, email address, blood type, last clinic visit date, and credit card number used for copay. Under US regulations, which data elements are PHI (Protected Health Information) and which are PII?","PHI is a subset of PII that is health-related and held by a covered entity or business associate. HIPAA's definition includes any individually identifiable health information, including demographic data, medical history, test results, and payment information. Since the data is held by a healthcare SaaS provider and relates to healthcare (blood type, visits, copays) with patient identifiers, ALL listed elements are PHI.",secp701::d3::context
A company needs to ensure that all internal application traffic between microservices is encrypted. The services communicate using REST APIs and run on Kubernetes pods that are frequently created and destroyed. Traditional TLS with static certificates is impractical because of the dynamic pod lifecycle. Which solution should the security architect choose?,"mTLS via a service mesh sidecar is the standard solution for microservice-to-microservice encryption in dynamic environments. Each pod gets an envoy/ sidecar proxy that handles TLS automatically, with certificates issued by the mesh CA and rotated frequently (often every 24 hours). This accommodates the dynamic pod lifecycle without manual certificate management.",secp701::d3::context
"A company processes highly sensitive payroll data using an in-memory database. The security architect is concerned about cold boot attacks, DMA attacks via Thunderbolt ports, and the hypervisor reading guest memory. Which technology protects data while it is being actively processed in RAM?","Data in use is the most difficult state to protect because data must be decrypted for processing. TEEs (SGX, SEV, TrustZone) encrypt memory at the hardware level, ensuring that even the OS, hypervisor, or an attacker with physical DMA access cannot read the plaintext data. The CPU decrypts data only within the processor package.",secp701::d3::context
"Hospital DLP flags all emails with 'cancer' as PHI violations. Oncologists send legitimate referrals mentioning 'cancer' daily, creating hundreds of false positives. Need to reduce false positives without allowing real PHI exfiltration. A hospital's DLP system flags all outbound emails containing the word 'cancer' as potential PHI violations. Oncologists regularly email referrals mentioning 'cancer' to other specialists, causing the security team to investigate hundreds of false positives daily. The DLP administrator needs to reduce false positives without allowing actual PHI data exfiltration. Which approach BEST addresses this?",Contextual DLP uses multiple detection techniques — keyword + regex + data fingerprinting + recipient analysis + document properties — to accurately identify true violations while ignoring benign uses of the same terms. This is far more effective than simple keyword matching.,secp701::d3::context
"Trading firm: $850k/hour downtime cost, max 15 minutes data loss tolerance, proposed solution restores in 30 minutes. A financial trading firm calculates that every hour of system downtime costs $850,000 in lost transactions. The firm can tolerate a maximum of 15 minutes of data loss (transactions not yet replicated). The IT team proposes a solution that can restore systems within 30 minutes of a failure. Which metrics should the firm specify in the disaster recovery plan to match these business requirements?","RTO = maximum acceptable time to restore operations after a disaster (30 minutes, matching the restore capability). RPO = maximum acceptable data loss measured in time (15 minutes of transactions). Both are forward-looking objectives. MTD is the total survival time (always > RTO), MTTR is a historical metric, not an objective.",secp701::d3::context
"E-commerce DR site requirements: minimize CapEx, fully operational within 4 hours, data no more than 1 hour old, can accept intermittent degradation during failover. An e-commerce company needs to select a disaster recovery site strategy. The CFO wants to minimize capital expenditure for the DR site. The CTO requires that the site be fully operational within 4 hours of a primary data center failure and must have a full copy of all data that is no more than 1 hour old. The business can accept intermittent service degradation during failover. Which site type BEST balances cost and requirements?","Warm sites have the infrastructure ready but not fully operational — data is replicated periodically (hours old, not real-time). This meets the 1-hour RPO with periodic sync and the 4-hour RTO with pre-staged hardware, at significantly lower cost than a hot site (which would mirror everything in real-time with full redundancy).",secp701::d3::context
"University lost all data when a fire destroyed the server room because backups were stored on a NAS in the same room. New strategy: local disk for fast recovery, offsite tape vault, and one more copy in a different geographic region. A university IT department backs up research data nightly to a local NAS (Network Attached Storage) in the same server room. After a fire destroys the server room, the university loses all data — including the backups. The new security director implements a backup strategy that maintains data on local disk for quick recovery, on tape stored at an offsite commercial vault, and one additional copy in a different geographic region. Which backup strategy does this describe?","The 3-2-1 rule: three total copies, two different media types, one offsite. Local disk (copy 1, medium 1), offsite tape vault (copy 2, medium 2, offsite), georedundant copy (copy 3). The fire destroying the primary + same-room NAS violated the 3-2-1 rule — both copies were on the same medium (disk) in the same location.",secp701::d3::context
"2 TB SQL database: weekly full backup Sunday 2 AM, need point-in-time recovery within last 24 hours with minimal data loss, minimize total backup storage. A database administrator manages a 2 TB SQL database that must be available 24/7. The backup strategy requires: (1) A weekly full backup on Sunday at 2 AM, (2) the ability to restore to any point within the last 24 hours with minimal data loss, (3) minimizing the total backup storage required. Which backup types should be used for daily backups between full backups, and why is this approach preferred over alternative types? (Choose TWO.)",Daily incremental backups minimize storage (each captures only the previous day's changes) while weekly fulls provide a clean restore baseline. Transaction log backups every 15 minutes enable point-in-time recovery to any moment within the 24-hour window — essential for compliance scenarios where even a few minutes of data loss is unacceptable. Note: the 'daily' incrementals + 15-minute log shipping is the standard approach.,secp701::d3::context
A database administrator configures a disk array with six physical disks. The system requires maximum read performance and fault tolerance — the array must survive two simultaneous disk failures without data loss. Which RAID configuration meets these requirements?,"RAID 6 uses dual distributed parity and can tolerate any 2 simultaneous disk failures. With 6 disks, it provides high read throughput (all disks are read in parallel for striped data) and guaranteed dual-fault tolerance — regardless of which 2 disks fail.",secp701::d3::context
"E-commerce site: 3 web servers behind load balancer, login sessions stored in local server memory. Users get logged out when requests go to different servers. An e-commerce site uses three web servers behind a load balancer. Users report being repeatedly logged out when the load balancer sends their requests to different servers, even though they authenticated successfully. The login state is stored in the server's local memory. Which load balancing configuration resolves this issue?","Sticky sessions (session persistence) ensure the same client is always directed to the same backend server. Common methods: cookie-based (load balancer inserts a cookie mapping the client to a specific server) or source-IP affinity (hash of client IP maps to server). However, sticky sessions are a workaround — the better architecture is externalizing session state to a shared store (Redis, database) so any server can handle any request.",secp701::d3::context
"Data center power requirements: (1) instant battery failover for short blips, (2) 6-hour extended outage coverage, (3) surge/sag protection for equipment. A data center operator is designing power resilience for a critical server rack that processes financial transactions. The requirement is: (1) instant failover to battery power for graceful shutdown during a 3-minute utility blip, (2) sustain operations for 6 hours during an extended outage, and (3) protect against voltage sags and surges that could damage equipment. Which combination of power solutions BEST meets all requirements?","UPS handles instantaneous failover (sub-cycle transfer time), power conditioning (sags, surges, frequency regulation), and bridges the gap until the generator stabilizes. Generators provide cost-effective extended runtime. This is the standard data center power architecture: utility → UPS → PDU → equipment, with generator as backup fuel source.",secp701::d3::context
"A company experiences a ransomware attack that encrypts all servers. IT takes 6 hours to detect the attack, 4 hours to restore from clean backups, and 2 hours to validate data integrity and resume operations. The business can survive a maximum of 12 hours without the system. Which statement BEST interprets the MTD, MTTR, and RTO relationship?","MTD (Maximum Tolerable Downtime) is a business decision — the total time the organization can survive without the system. RTO is the recovery time target. In this incident, total time from detection to validated operations was 12 hours, exactly matching the MTD — no margin. Best practice: set RTO well below MTD (e.g., RTO of 4 hours with MTD of 12).",secp701::d3::context
"Two load-balanced app servers in active-active cluster with a shared database. One server crashes — no interruption. But if the shared database fails, all trading stops. A financial services company runs its trading platform on two load-balanced application servers with a shared database. The servers are in an active-active cluster. During a routine deployment, one server crashes. The remaining server immediately takes over all traffic with no interruption to trading. The security architect reviews this setup and notes that if the shared database fails, all trading stops. Which recommendation would MOST improve availability?","The app tier already has high availability via active-active load balancing. The critical single point of failure is the shared database. Database clustering with synchronous replication (or an Always On availability group) provides automated failover between database nodes, ensuring the database tier has the same resilience as the app tier.",secp701::d3::context
"A security team uses Ansible to apply CIS Level 2 benchmarks to 40 Linux servers. After deployment, an auditor finds four servers still have root SSH login enabled. Why do four servers still have root SSH login enabled after the CIS Level 2 Ansible deployment?","Ansible only applies configurations to hosts defined in its inventory file. If four servers were not listed, they would not receive any playbook tasks including SSH hardening. Regular inventory audits and automated CMDB integration help prevent this issue.",secp701::d4::context
A regional bank is standardizing on a new model of employee laptops and will purchase 400 units through an approved reseller. The security team wants the devices to meet the organization's security requirements from the moment they are deployed rather than relying on post-purchase remediation. The procurement team is drafting the purchase specification and asks for security input before the order is placed. Which procurement practice BEST ensures the new laptops meet the organization's security baseline at purchase?,"Secure acquisition begins with requirements: capabilities such as TPM and UEFI Secure Boot must be specified at purchase because they are hardware features that cannot be added later, and verifying delivery against the stated baseline closes the loop. Buying the cheapest hardware, trusting factory defaults, or relying on a preinstalled image all fail to guarantee that the device itself meets the organization's security requirements.",secp701::d4::context
"After applying a Windows Server hardening baseline via GPO, six servers have reverted to weaker TLS settings three weeks later. Group Policy confirms the GPO is still linked and enforced. Why did the six servers revert to weaker TLS settings even though the GPO is linked and enforced?",Local Group Policy can override domain-level GPO settings if the domain policy is not enforced. Domain GPOs should be set to 'Enforced' and Local Group Policy should be restricted via the 'Turn off Local Group Policy Objects processing' setting.,secp701::d4::context
"An organization adopts immutable infrastructure using AWS EC2 Auto Scaling with hardened AMIs. A junior engineer patches a running instance manually and creates a new AMI from it. An organization adopts immutable infrastructure for web servers using AWS EC2 Auto Scaling with a hardened AMI. After a critical patch is released, a junior engineer connects to a running instance, installs the patch manually, and creates a new AMI from that instance. What security principle did this violate?","Immutable infrastructure mandates that servers are never modified in-place. A new hardened image is built from a clean source, tested, and deployed through the CI/CD pipeline. By patching a running instance, the engineer introduced configuration drift by inheritance.",secp701::d4::context
"A regional hospital's vulnerability management team is triaging the findings from its quarterly credentialed scan. Their remediation policy scores every finding by combining CVSS severity, known exploit activity, and the criticality classification of the affected asset from the asset inventory. The team has capacity to patch only two findings before the next change window. Which two findings should the team remediate FIRST? (Select TWO.)","Risk-based prioritization weighs CVSS severity together with asset criticality and exploit availability. Option A combines a critical-severity flaw with public exploit code against an internet-facing system patients rely on. Option D adds observed exploit activity to a finding on an asset storing sensitive diagnostic data, so it also clears the urgent threshold. The remaining options involve low-value or isolated assets (B, F), medium severity with no exploitation (C), or minor impact (E), so they can follow the normal patch cycle.",secp701::d4::context
A SOC analyst uses Splunk to detect configuration drift on Windows servers. A registry key change was unauthorized. A search identifies that the 'RestrictAnonymous' registry key was changed on 12 servers without change management approval. Which Splunk correlation BEST identifies this drift?,"Configuration drift detection requires an authoritative baseline. In Splunk, known-good configuration values are stored in a lookup table, and a scheduled search compares current values against the baseline.",secp701::d4::context
"A healthcare organization maintains an asset inventory, but a recent network scan found several medical workstations that are actively used yet missing from the inventory, while inventory records still list devices that were decommissioned years ago. Leadership wants the inventory to reflect the environment as it actually exists today and to catch newly connected devices quickly. Which practice BEST keeps the asset inventory accurate on an ongoing basis?","Agent-based discovery continuously reports the hardware, OS, and software of managed endpoints, and regular reconciliation against the CMDB exposes both devices missing from the inventory and records for devices that no longer exist. Annual manual reporting, DHCP lease records, and procurement receipts each provide partial or stale views that fail to keep pace with a changing environment.",secp701::d4::context
"A SIEM correlation rule designed to detect brute-force logins fires whenever five failed logins occur within one hour. The rule generates hundreds of alerts every day because a legacy accounting application repeatedly retries a locked-out service account, and none of the alerts correspond to a genuine attack. The SOC wants to keep the detection while eliminating the noise. Which alert tuning action is MOST appropriate?","Alert tuning reduces false positives by adjusting thresholds and baselining legitimate behavior. Raising the failure threshold keeps the rule sensitive enough for genuine brute-force attempts, while an exception for the locked-out service account's retries removes the dominant noise source without suppressing alerts for other hosts. Deleting the rule or suppressing an entire IP range trades coverage for convenience, and retention changes do not affect alert volume.",secp701::d4::context
A Splunk correlation rule triggers an impossible-travel alert: a user authenticated from New York at 09:05 UTC and London at 09:35 UTC. The user is a remote employee who uses a company VPN. Why did the impossible-travel alert most likely fire for this VPN user?,"Impossible-travel detections frequently produce false positives when users connect through VPNs or cloud-based VDI. The VPN egress IP determines geolocation. If a VPN session reconnects to a different POP, the user appears to teleport.",secp701::d4::context
"A Windows server shows 500 Event ID 4625 failures from one IP, then one Event ID 4624 success from the same IP with Logon Type 3. A Windows server shows 500 failed logon attempts (Event ID 4625) from a single IP address within 10 minutes, followed by a successful logon (Event ID 4624) with Logon Type 3 from the same IP. Which conclusion is MOST accurate?","The evidence chain clearly indicates a successful brute-force attack: hundreds of Event ID 4625 failures followed by Event ID 4624 success from the same source IP. Logon Type 3 indicates a network logon (SMB, RDP).",secp701::d4::context
"A manufacturing company's security team subscribes to a commercial threat feed and gathers OSINT from vendor advisories, public exploit discussions, and open-source reporting. The feed reports active exploitation of a vulnerability in the web-server software version the company runs. The team must decide how to use this intelligence within its vulnerability management process. How does this threat intelligence BEST support vulnerability identification?","Threat intelligence supports identification by focusing scanning and verification on assets running software that is currently being exploited, so relevant exposures are found sooner. A feed or OSINT report describes external activity and product versions, so it cannot substitute for scans, list an organization's internal compromise state, or certify products it does not mention.",secp701::d4::context
A workstation sent 2 GB to a remote Russian IP at 2-4 AM. The remote IP has no prior history. A security analyst reviews NetFlow data and identifies a workstation that sent 2 GB of data to a remote IP in Russia between 2:00 AM and 4:00 AM. The remote IP has no prior history. Which additional NetFlow attribute would BEST confirm exfiltration?,"NetFlow records include IP, ports, protocol, packet count, byte count, and timestamps. For exfiltration detection, analysts look for unusual destination countries, non-standard ports, off-hours transfers, and disproportionate data volumes.",secp701::d4::context
"The network operations team at a logistics company wants two new monitoring capabilities: immediate notification when a switch interface goes down or a router reloads, and ongoing visibility into which internal hosts communicate with which external destinations so the SOC can spot unusual traffic patterns. The team is selecting technologies to add to its monitoring platform. Which two technologies should the team deploy? (Select TWO.)","SNMP traps let managed devices push notifications as events happen, giving immediate awareness of interface or device failures, while NetFlow exports summarized records of every traffic conversation so the SOC can analyze communication patterns and volumes. Vulnerability scanning, wireless IPS, and packet mirroring address different monitoring goals, and syslog alone lacks flow-level data.",secp701::d4::context
"A company configures Elasticsearch hot/warm/cold storage for PCI DSS compliance. After 14 months, logs from month 10 are unsearchable. Why are month-10 logs unsearchable after 14 months even though the SIEM uses hot/warm/cold storage tiers?","Elasticsearch Snapshot Lifecycle Management (SLM) automates index deletion. If configured for 12-month deletion rather than transitioning to frozen tier, data is permanently removed. PCI DSS requires 12 months of retained logs.",secp701::d4::context
A vulnerability analyst is comparing two findings from a scan of a customer-facing application. Finding 1 has a CVSS base score of 9.8 with the vector AV:N/AC:L/PR:N/UI:N/S:U/C:H/I:H/A:H. Finding 2 has a CVSS base score of 8.1 with the vector AV:L/AC:H/PR:H/UI:R/S:U/C:H/I:H/A:H. The team has capacity to address only one of the two findings this sprint. Which interpretation of the CVSS data is correct?,"A CVSS base score summarizes a vector, and the vector details matter more than the headline number. Finding 1's vector — network access, no privileges, no user interaction — makes it trivially exploitable by any remote attacker, so it warrants priority despite Finding 2's high impact components, which require local access, high privileges, a difficult attack, and user interaction. Comparing raw scores without reading the metrics can misorder remediation.",secp701::d4::context
"A software company must define how long to keep three data sets: customer contracts, system audit logs, and marketing analytics. Regulators require contract records to be kept for seven years, audit logs must support compliance and incident investigations, and the marketing data has no legal retention requirement. Management asks the security team to propose a retention approach. Which retention approach is the MOST appropriate?","Proper data retention uses a documented schedule that classifies data and sets each category's retention period from legal, regulatory, and business requirements, then disposes of data when the period ends and no legal hold applies. Retaining everything indefinitely, deleting everything quickly, or letting each department decide separately all ignore the different obligations that apply to different data.",secp701::d4::context
"A SOAR playbook for phishing response isolates the workstation but does not reset the password. The playbook uses a conditional block after setting the credential-theft indicator. A SOC uses a SOAR platform to automate phishing response. When a user clicks a phishing link and submits credentials on a fake login page, the playbook should isolate the workstation and reset the password. During a test, the playbook isolates the workstation but does NOT reset the password. What is the MOST likely playbook design flaw?","SOAR playbook logic often uses conditional branches based on indicators. The phishing indicator triggers isolation, but the credential-theft indicator may not have been set because the playbook only checked the URL, not the follow-on credential capture.",secp701::d4::context
"A SOAR platform ingests threat intelligence from multiple feeds and generates many false positives for low-confidence, single-feed IOCs. A SOC analyst configures a SOAR platform to ingest threat intelligence from AlienVault OTX, IBM X-Force, and a commercial STIX/TAXII feed. The SOAR generates many false positive alerts for IPs that appear in only one feed with low confidence scores. Which configuration change would BEST reduce false positives?",Threat intelligence quality management uses confidence scoring and source cross-referencing. The STIX/TAXII protocol provides standardized confidence and TLP markings.,secp701::d4::context
A SOC manager designs a SOAR playbook for EDR IOCs. Two trigger types should be fully automated. Which two triggers should be configured for FULL automation (no human approval required)? (Select TWO.),"Full automation is appropriate when: the indicator is highly reliable, the action is reversible or low-risk, and speed is critical. Actions with potential business disruption typically require human approval.",secp701::d4::context
"A SOAR assigns LOW priority to CVSS 5.5 but HIGH priority to CVSS 3.0 on the same internet-facing web server. A SOAR platform triages 200 alerts per hour using a priority matrix based on CVSS score and asset criticality. A medium-severity (CVSS 5.5) alert on an internet-facing web server gets LOW priority, while a low-severity (CVSS 3.0) alert on the same server gets HIGH priority. What BEST explains this?",Modern SOAR platforms integrate threat intelligence to augment CVSS scores with exploit context. A vulnerability with active exploitation poses an immediate threat superseding its base CVSS score.,secp701::d4::context
"A SOAR playbook queries VirusTotal API for file hash enrichment but exceeds the free tier quota within two hours. A SOAR playbook enriches file hashes from email attachments by querying VirusTotal's API. After deployment, the SOC exceeds the VirusTotal free tier quota within two hours. Which design improvement BEST ensures continuous enrichment without exceeding API limits?",API rate limiting and quota management are essential SOAR design considerations. Caching hash-to-verdict mappings with appropriate TTL significantly reduces API calls while maintaining enrichment quality.,secp701::d4::context
"A SOAR playbook triggers network isolation via a switch API, but the isolated host continues communicating with internal servers. Why does the isolated host keep communicating with internal servers after the SOAR playbook triggers network isolation?","SOAR isolation playbooks must account for hosts with multiple network paths (dual NICs, cellular modems, virtual switches). The playbook should query the CMDB for all interfaces and disable all connected ports.",secp701::d4::context
"A credit union runs a legacy loan-origination application on an operating system the vendor has stopped supporting. A credentialed scan confirms a known, remotely exploitable vulnerability in that system, and the application cannot be replaced or upgraded for another year because it is tightly integrated with other systems. Which compensating control BEST reduces the risk posed by this unpatchable system?","When patching or replacement is impossible, compensating controls reduce exposure through other means. Network segmentation with restrictive firewall rules and monitored administrative access shrinks the attack surface of the unsupported system, which is the most effective available option. Suppressing findings hides risk, antivirus alone is insufficient for a network-exposed flaw, and risk acceptance without controls leaves the exposure unchanged.",secp701::d4::context
Healthcare patient portal storing PHI in cloud. Must ensure PHI is not recoverable after retention period. A healthcare organization implements a new patient portal that stores medical records in a cloud database. A security auditor requires that protected health information (PHI) must not be recoverable after the retention period expires. Which data sanitization technique should the cloud provider use?,"Cryptographic erasure (crypto-shredding) encrypts data and then destroys the decryption key, making the data permanently unrecoverable. This is the preferred method in cloud environments where physical access to storage media is unavailable.",secp701::d4::context
"A security analyst confirms a C2 beaconing alert, isolates the workstation, captures images, then rebuilds from a known-good image. A security analyst receives an EDR alert that a workstation is beaconing to a known C2 server every 60 seconds. The analyst isolates the workstation, captures memory and disk images, then rebuilds the workstation from a known-good image. Which NIST IR lifecycle phase is the analyst performing when rebuilding the workstation?","The NIST SP 800-61 IR Lifecycle: (1) Preparation, (2) Detection & Analysis, (3) Containment, Eradication & Recovery, (4) Post-Incident Activity. Rebuilding is specifically Eradication within phase 3.",secp701::d4::context
"A payment processor operates critical web servers that rarely change. Management wants to detect any modification of system binaries or configuration files, including changes made by an attacker who gains local access, while avoiding alert fatigue from routine patching. Which capability BEST meets this requirement?","File integrity monitoring establishes a baseline of file hashes and alerts when monitored files change, making it the right control for detecting tampering with system binaries or configuration. Antivirus scanning, logon auditing, and backup size comparison do not continuously verify file integrity, and pairing FIM with change-management review prevents approved updates from causing alert fatigue.",secp701::d4::context
An IR plan requires law enforcement notification within 4 hours. The CISO delays by 6 hours for more evidence. An organization's IR plan requires notifying law enforcement within 4 hours of confirming ransomware on critical infrastructure. The CISO delays notification by 6 hours to collect more evidence. Which IR plan component did the CISO violate?,The IR plan's communication plan defines internal and external notification requirements with SLAs. Violating defined SLAs may have legal and regulatory consequences.,secp701::d4::context
"A regulated healthcare organization must prove to auditors that 200 Linux servers matched the CIS hardening benchmark on the day they were deployed and must repeat the verification every quarter. The team wants the checks to be automated, repeatable, and expressed in standardized machine-readable content rather than manual checklists. Which approach BEST meets this requirement using SCAP and benchmarks?","SCAP defines a protocol for automated security-content checks; publishing a CIS benchmark as XCCDF policy with OVAL checks lets an SCAP-validated scanner evaluate systems and emit standardized result reports that can be archived as audit evidence. Manual email confirmation is not verifiable, IDS alerts measure network behavior rather than configuration, and a single disk image cannot represent the state of every server.",secp701::d4::context
An incident responder arrives at a scene where a server is actively running ransomware. The responder needs to preserve volatile data. Which action should be performed FIRST?,Order of Volatility (OOV): CPU registers > routing tables > process table/kernel memory > temporary files > disk > remote logs. Memory acquisition (RAM) must come before any action that alters system state.,secp701::d4::context
"During a ransomware incident, the IR team disables services on the switch instead of disconnecting 50 workstations individually. During a ransomware incident affecting 50 workstations, the IR team disables non-essential services and isolates affected systems. Following initial containment, what is the MOST important next step?","Network segmentation as containment uses network infrastructure to isolate compromised subnets. This achieves two objectives: (1) stops lateral movement by blocking the propagation path, (2) preserves forensic evidence by avoiding power-off or physical disconnection. This approach is scalable for large incidents and enables remote forensic analysis through managed access rules.",secp701::d4::context
"Customer data CSV with PII to be shared with external research partner for marketing analysis. A data analyst exports a CSV file containing customer records for a marketing analysis project. The file includes full names, email addresses, phone numbers, and purchase histories. The analyst must share this data with an external research partner. What is the MINIMUM privacy control required before sharing?","Pseudonymization removes direct identifiers and replaces them with tokens, enabling analysis while protecting individual privacy. It is the minimum required when sharing PII for business analysis — full anonymization (without mapping table) would be stronger but may not support the marketing analysis goal.",secp701::d4::context
"Financial services company needing 7-year retention then permanent destruction of transaction records. A financial services company must comply with a regulatory requirement to retain transaction records for seven years. After seven years, records must be permanently destroyed. Which combination of a data lifecycle control and sanitization method BEST meets this requirement?","Data classification with retention tagging ensures records are tracked through their lifecycle. Degaussing provides permanent destruction by disrupting the magnetic domains on storage media, making recovery impossible. This is appropriate for regulatory compliance.",secp701::d4::context
"A forensic analyst must collect evidence from a running, compromised Linux server following the correct order of volatility. A forensic analyst must collect evidence from a running, compromised Linux server. Which sequence represents the CORRECT order of volatility?","RFC 3227 Order of Volatility: (1) CPU registers/cache, (2) routing/ARP/process tables, (3) live network connections, (4) temporary files, (5) disk, (6) remote logs, (7) archival media.",secp701::d4::context
"A hospital is deploying network access control (NAC) so that only compliant devices can reach clinical systems. Managed laptops must have current antivirus definitions and required security patches before they are granted network access, while visitors' unmanaged devices must be limited to internet-only connectivity. The security team is defining how the NAC should treat devices at the moment they connect. Which NAC enforcement approach BEST satisfies these requirements?","NAC posture assessment checks each device's security state — antivirus definitions, patch level, and configuration — at connection time, and quarantine directs devices that fail the check to a restricted VLAN where they can remediate without reaching clinical systems. MAC allowlists only prove an address, not health, and can be spoofed; portal self-attestation is unverifiable; and an inline IPS inspects traffic rather than endpoint compliance.",secp701::d4::context
"A school district routes all student and staff internet traffic through a central web gateway. The district must prevent students from reaching gambling and adult-content sites, block domains known to host malware for every user, and give administrators a way to correct the occasional legitimate site that is misclassified. The IT team is deciding how the gateway should classify and block traffic. Which combination of web filtering features BEST meets these requirements?","URL categorization assigns sites to categories so policies can block gambling and adult content, reputation databases identify domains known for malware or phishing, and an exception process lets administrators reclassify miscategorized sites. Keyword filtering is defeated by encrypted content and produces false positives, a full allowlist cannot scale, and voluntary browser extensions are not centrally enforceable.",secp701::d4::context
A forensic analyst needs to acquire a SATA hard drive from a powered-off Windows workstation. A forensic analyst needs to acquire a SATA hard drive from a powered-off Windows workstation used to access illegal content. Which acquisition method should be used?,"Forensic acquisition best practices: hardware write-blocker, bit-for-bit imaging, forensic imaging tools (FTK Imager creates E01 with metadata and hashes), and hash verification.",secp701::d4::context
"A retail chain with 40 stores is consolidating firewall, server, and application logs from all locations into one central platform so the SOC can correlate events across the enterprise and produce reports for management. The team must make two foundational decisions for the aggregation project. Which two actions are MOST important for effective log aggregation and reporting? (Select TWO.)","Effective log aggregation depends on two foundations: synchronized, normalized events that can be correlated across sources, and a central repository that indexes the data and supports search, dashboards, and scheduled reporting. Keeping logs distributed, discarding history after a day, transmitting them insecurely, or opening the repository to everyone each break correlation, retention, confidentiality, or least privilege.",secp701::d4::context
A security analyst needs to capture traffic from a specific workstation. The traffic crosses a core switch with all VLANs. A security analyst needs to capture network traffic to investigate possible data exfiltration from workstation 10.0.1.50. The traffic crosses a core switch carrying all VLANs. Which packet capture approach is MOST appropriate?,Network forensics: SPAN/port mirror copies specific port traffic to a monitoring port without disrupting production. Filter to the target IP to minimize capture file size.,secp701::d4::context
"A forensic analyst has physical access to a seized, powered-on, passcode-locked iOS smartphone. Which acquisition method is MOST appropriate?","Mobile forensics for iOS: (1) Logical acquisition via USB using exploits, (2) iCloud backup, (3) Full file system (requires jailbreak), (4) Chip-off/JTAG as last resort. Modern iOS uses Secure Enclave hardware encryption.",secp701::d4::context
Employee monitoring tool with keystroke logging and screenshots deployed across European offices. An organization deploys a new employee monitoring tool that captures keystrokes and takes periodic screenshots. Employee works councils in several European countries have raised privacy concerns. Which of the following actions BEST balances security monitoring needs with employee privacy rights?,"GDPR requires DPIAs for high-risk monitoring, data minimization, purpose limitation, storage limitation, and transparency. A DPIA identifies risks, minimization limits collection scope, retention limits avoid indefinite storage, and notice provides transparency — together they form a compliant approach.",secp701::d4::context
"In a data breach trial: printed log showing IP, expert testimony, actual hard drive. Which evidence types? In a data breach trial, the prosecution presents: (1) a printed log showing the defendant's IP, (2) expert testimony about the log format, (3) the actual hard drive with original logs. Which evidence types are represented?","Four evidence types: Real (physical objects), Documentary (writings/records), Demonstrative (visual aids), Testimonial (sworn statements). Understanding classification is critical for admissibility.",secp701::d4::context
"A regional bank's security audit finds that 12 IT staff members hold permanent domain administrator accounts used for routine break-fix work. The CISO wants to eliminate standing administrative privileges while still allowing administrators to complete elevated tasks such as patching, password resets, and maintenance-window changes. Which TWO controls would BEST reduce standing privilege while keeping the team productive? (Select TWO.)","Just-in-time permissions (a) remove standing privileges by granting elevation only for an approved task window and revoking it automatically, while password vaulting (b) secures shared credentials with MFA, check-out tracking, and rotation; together these are the core privileged access management controls. Adding more admin accounts or granting universal Enterprise Admins membership expands the standing-privilege attack surface, a second security question does nothing to remove permanent rights, and rotating shared passwords on a spreadsheet provides no accountability.",secp701::d4::context
"A security team must choose a vulnerability scanning approach for two system groups: several hundred long-lived servers in the private data center, and short-lived cloud instances that are created and terminated within minutes by the development pipeline. The team wants continuous visibility into both environments. Which deployment approach BEST fits this mixed environment?","Agent-based scanning offers continuous, authenticated assessment on persistent systems, making it the right choice for the long-lived servers, while agentless scanning performs checks over the network or cloud APIs and suits ephemeral instances that do not persist long enough to host an agent. Reversing the two, banning agents outright, or substituting endpoint protection leaves significant coverage gaps.",secp701::d4::context
"A vulnerability scan of Windows workstations run with network probes only reported many missing patches and configuration weaknesses. When the same scope was scanned again using administrator credentials, the results contained fewer findings, and several items from the first report no longer appeared. What BEST explains the difference between the two scans?","Authenticated scans use supplied credentials to inspect each host's real configuration — installed patches, services, and settings — producing accurate results with fewer false positives. Unauthenticated scans must infer state from network responses, so they commonly over-report missing patches and misread configurations. Signature age or firewall filtering do not explain the difference when the same systems are assessed with and without credentials.",secp701::d4::context
"A manufacturer's network operations team administers switches and a file server that still use Telnet for remote management and FTP for firmware and file transfers. An audit flagged these clear-text protocols, and the team must move to secure alternatives without purchasing new hardware. The switches support SSH for management, and the file server supports SSH-based file transfer. Which protocol migration BEST addresses the audit findings?","SSH replaces Telnet with encrypted interactive management, SFTP (SSH File Transfer Protocol) replaces FTP with encrypted file transfer, and disabling Telnet, FTP, and weak cipher suites removes the insecure paths entirely. VPN tunneling keeps the legacy services enabled, FTPS alone leaves Telnet exposed, and console-only administration sacrifices remote management instead of securing it.",secp701::d4::context
"A university's network intrusion detection system generates thousands of alerts per week, and analysts find that most are false positives caused by legitimate student tools and administrative scans. Management wants the SOC to reduce alert fatigue while keeping visibility into genuine intrusions. The team is deciding how to tune the detection deployment. Which two actions BEST reduce false positives without sacrificing detection? (Select TWO.)","Baselining and threshold tuning remove systematic false positives caused by known-benign traffic, while threat-intelligence-driven trend analysis concentrates analyst effort on signatures tied to active campaigns. Enabling every signature, deleting rules that fire, or switching inline or monitor-only modes either adds noise, removes coverage, or changes the enforcement posture without improving alert quality — and with a noisy rule set, inline mode risks blocking legitimate traffic.",secp701::d4::context
"A logistics company manages the security groups of its cloud three-tier application as infrastructure as code through a CI/CD pipeline. An engineer manually opened SSH from the internet to the database tier in the cloud console during an incident, and the change went unnoticed until an audit two weeks later. Which control would MOST effectively prevent this kind of unmanaged change from recurring?","Guard rails (a) enforce the known-good, IaC-defined configuration by monitoring for drift and taking automated corrective action, which closes the gap between a manual change and its detection. A warning banner is purely advisory, direct API access encourages unmanaged edits, and a quarterly review leaves the exposure in place far too long.",secp701::d4::context
A financial firm's DLP blocks outbound email attachments based on filename rules. An employee recently exfiltrated customer data by renaming a spreadsheet containing account numbers to 'notes.txt' and sending it to a personal webmail address. Management wants a policy that detects the data itself regardless of how it is named. Which policy change BEST detects the disguised data?,"Content-aware DLP inspects the contents of outbound data using pattern matching, fingerprints, or exact-data matching, so renaming a file does not defeat the policy. Filename block lists depend on attacker-controlled metadata, blanket blocking of a department breaks business, and raising size limits increases risk. DLP policies should match the data itself at the point of egress.",secp701::d4::context
"A penetration tester runs 'nmap -sS -sV -O -p 1-10000 10.0.0.1'. All 10,000 ports show as 'filtered' but the web application is accessible via a browser. Why did Nmap report all ports as filtered?","Nmap port states: open (accepting), closed (RST received), filtered (firewall blocking probe). Stateful firewalls track connection state and block unsolicited SYN packets. TCP connect scan (-sT) may bypass some firewalls.",secp701::d4::context
"At 9:00 a.m. the identity team disables the Active Directory account of a project manager who was terminated the previous evening. The employee used SSO to reach the company's SaaS applications, held a corporate laptop, and owned several shared project folders on the file server. Which action is MOST important to complete the de-provisioning of this employee's access?","De-provisioning (a) requires revoking every authentication path, including SSO sessions and group-based access in federated applications, not just disabling the directory account. Keeping the account active or only handling the laptop leaves access live, and deleting mailboxes and folders prematurely bypasses ownership transfer and preservation requirements.",secp701::d4::context
"An analyst uses tcpdump to capture only TCP traffic to/from 10.0.1.50 on ports 80 and 443. An analyst uses tcpdump to capture suspicious traffic. The capture must include only TCP traffic to/from 10.0.1.50 on ports 80 and 443, saving to a file for analysis. Which tcpdump command accomplishes this?","tcpdump syntax: -i (interface), -w (write file), -r (read file). Berkeley Packet Filter (BPF) syntax: 'tcp and host X and (port Y or port Z)'.",secp701::d4::context
"A manufacturer's cleanroom doors use fingerprint readers. After the readers were tightened to keep unauthorized people out, employees are frequently rejected on their first attempt, which creates queues at the entrances. The security team must reduce the false rejections without increasing the chance of unauthorized entry. Which TWO adjustments would BEST address the problem? (Select TWO.)","Enrolling multiple fingerprints (c) reduces false rejections without weakening the match threshold, and tuning to the crossover error rate (d) balances false accepts against false rejects instead of over-optimizing one. Lowering the threshold to accept a wider range (a) raises the false acceptance rate, raising the threshold (b) increases false rejections, and requiring two scans (e) doubles the failure opportunity; removing biometrics (f) discards the inherence factor entirely.",secp701::d4::context
"A community bank's password policy requires eight characters with at least one uppercase letter, one number, and one symbol, and forces a change every 60 days. A penetration test shows that most employees satisfy the rule with predictable patterns such as 'Spring2024!'. The CISO asks the security team to modernize the policy. Which change is MOST effective at improving password security?","The most effective change (a) prioritizes length with passphrases, blocks passwords already exposed in breaches, and removes forced rotation that current guidance identifies as unnecessary and counterproductive. Complexity-only rules at short lengths (b) and shorter expiration (c) both drive predictable patterns, and (d) keeps the rotation problem while only partially improving length.",secp701::d4::context
A mid-size manufacturer runs an OpenLDAP directory as the central identity store for its on-premises systems. The developers of a new internal HR portal need to authenticate employees against that same corporate identity rather than maintaining a separate login database. Which approach should the portal use to authenticate users against the directory?,"LDAP's bind operation authenticates a user against the directory, and the same directory provides group memberships and attributes for authorization, with LDAPS protecting the exchange (a). Local password copies (b) spread credential material outside the identity store, RADIUS (c) is a network-access AAA protocol rather than a directory, and SNMP (d) is for network management, not login validation.",secp701::d4::context
"A hospital group's IT team manually creates accounts for every new clinician, and onboarding often takes three days because access requests are handled one system at a time. The team plans to automate user provisioning by connecting the HR system to the identity provider so account lifecycles follow employee records. Which TWO statements describe primary security benefits of this automation? (Select TWO.)","The primary benefits (a, b) are a complete lifecycle tied to HR records — instant, consistent creation paired with reliable de-provisioning — and least-privilege role assignment driven by department and title. Shared default passwords (c) introduce risk, removing approvals (d) or accountability (e) breaks oversight, and provisioning everywhere (f) violates least privilege.",secp701::d4::context
Password audit of Active Directory reveals 15% of passwords are crackable. Analyst must prepare the audit report. A security analyst runs a password audit against Active Directory using a hash-cracking tool. The tool successfully recovers the plaintext passwords for 15% of user accounts. What is the MOST important data handling consideration for the audit results report?,"Security audit findings that contain plaintext passwords create a secondary data breach risk. The best practice is to report which accounts have weak passwords (so they can be reset) and recommend policy changes, without including the actual passwords in written reports.",secp701::d4::context
"Security manager developing a document framework with four distinct document types. A security manager is creating a hierarchical document framework for the organization's security program. The highest-level document states management's overall intent and direction regarding information security. Below it, mandatory rules specify exactly what must be done, followed by step-by-step task instructions, and finally recommendations. Which of the following correctly represents this hierarchy from top to bottom?","The PPSG hierarchy is: Policy (high-level management direction, mandatory), Standard (specific mandatory rules supporting the policy), Procedure (step-by-step instructions for tasks), Guideline (recommended but optional practices).",secp701::d5::context
Hospital implementing EHR with defined data governance roles. A large hospital is implementing a new electronic health records system. The chief nursing officer has been assigned responsibility for determining how patient data should be classified and who can access it within the nursing department. The IT security team implements the technical controls. Which role best describes the chief nursing officer's responsibilities?,"A data owner is a senior-level manager who determines data classification, who can access the data, and how it should be handled. The data custodian implements the technical controls. Data steward manages data quality. Data controller/data processor are GDPR legal concepts.",secp701::d5::context
"Company identified risks during assessment but did not act on findings before a breach occurred. After a data breach exposed customer payment information, an investigation revealed that the company had identified similar vulnerabilities during a risk assessment six months earlier but had not implemented the recommended controls due to budget constraints. Which governance concept did the company fail to uphold?","Due care requires organizations to take reasonable steps to protect assets and act responsibly. Identifying risks through due diligence is the first step, but due care requires acting on those findings. Failure to implement known controls is a breach of due care and can establish negligence.",secp701::d5::context
"CAB reviewing a firewall rule change request that lacks a required risk assessment. An organization's change advisory board (CAB) is reviewing a request to update a production firewall rule. The proposed change would open a port needed by a new application, but the security team has not completed a risk assessment. Which action should the CAB take based on standard change management policy?","Change management policies require that all proposed changes go through a formal review and approval process, including completing required impact assessments, before implementation. Standard changes must not bypass this process.",secp701::d5::context
Organizational security policy development fundamentals. Which TWO of the following are essential characteristics of an effective organizational security policy? (Choose TWO.),"Effective security policies must have management approval to demonstrate authority and commitment, and must align with organizational goals and regulatory requirements to be relevant. Policies should be understandable by all employees, reviewed regularly, and focus on high-level direction rather than technical implementation details.",secp701::d5::context
"Employee violating acceptable use policy by accessing personal cryptocurrency trading sites during work hours. An employee uses their company-issued laptop to access personal cryptocurrency trading platforms during work hours, which is against the organization's acceptable use policy. The employee's manager notices the activity and reports it to HR. According to standard governance practices, which document should the organization reference when determining the disciplinary response?","A well-written acceptable use policy should include both the behavioral requirements and the consequences for violations. This provides a consistent, transparent framework for disciplinary actions and helps protect the organization from wrongful termination claims.",secp701::d5::context
Organizational governance structures and security strategy approval. Which group within an organization has the ultimate responsibility for approving the information security strategy and ensuring it aligns with business objectives?,"Ultimate responsibility for security governance rests with the board of directors or senior leadership, who have fiduciary duty to protect organizational assets. The CISO implements the strategy, but the board approves it and ensures adequate resources are allocated.",secp701::d5::context
"Customer database: AV=$500,000, EF=40%, ARO=0.5 (one attack every two years). A security analyst is performing a quantitative risk assessment on a customer database server. The server has an asset value of $500,000. Historical data indicates that a ransomware attack would destroy 40% of the data value. Similar organizations experience a successful ransomware attack once every two years. What is the annualized loss expectancy (ALE)?","ALE = SLE × ARO. Single Loss Expectancy (SLE) = AV × EF = $500,000 × 0.40 = $200,000. Annualized Rate of Occurrence (ARO) = 0.5 (once every 2 years). ALE = $200,000 × 0.5 = $100,000. This represents the organization's expected annual financial loss from this risk.",secp701::d5::context
"Risk assessment using ordinal rankings and expert judgment without monetary calculations. A risk management team is assessing threats to the organization's critical systems. The team assigns ordinal values such as ""high,"" ""medium,"" and ""low"" to each risk based on expert judgment and group discussion. No monetary values are assigned. Which type of risk assessment method is being used?","Qualitative risk assessment uses subjective measures like ordinal rankings (high/medium/low), expert judgment, and scenario analysis. It does not assign monetary values. This contrasts with quantitative analysis which calculates SLE, ALE, and other financial metrics.",secp701::d5::context
"Organization decides to eliminate a high-risk legacy payment system rather than continue operating it. After completing a risk assessment, an organization identifies that a legacy payment processing system has a high likelihood of compromise and would result in significant regulatory fines. The organization decides to terminate use of the system entirely and migrate all transactions to a modern, supported platform. Which risk response strategy does this represent?","Risk avoidance eliminates the risk entirely by not engaging in the risky activity. By decommissioning the legacy payment system, the organization avoids the risk altogether rather than trying to reduce, transfer, or accept it.",secp701::d5::context
NIST RMF risk response strategies. Which TWO of the following are recognized risk response strategies in the NIST Risk Management Framework? (Choose TWO.),"The four primary risk response strategies are: Avoid (eliminate the risk activity), Transfer (shift financial burden to another party), Mitigate (reduce likelihood or impact), and Accept (acknowledge and monitor without additional action).",secp701::d5::context
"Order processing system: maximum survivable outage=48h, estimated recovery time=12h, data recovery window=30min. A business continuity planner is conducting a business impact analysis (BIA) for the organization's order processing system. The maximum amount of time the business can survive without this system is 48 hours. The recovery team estimates it will take 12 hours to restore operations. The planners have determined that data must be recoverable to within 30 minutes of the last transaction. Which values represent the RTO and RPO respectively?","RTO (Recovery Time Objective) is the target time for restoring operations after a disaster, stated as 12 hours. RPO (Recovery Point Objective) is the maximum acceptable data loss measured in time, stated as 30 minutes. MTD (Maximum Tolerable Downtime) is 48 hours, which is longer than RTO.",secp701::d5::context
"Risk manager creating a comprehensive risk documentation that is reviewed quarterly. A risk manager is creating a document that lists all identified risks to the organization, including their likelihood, potential impact, assigned risk owner, and planned response strategies. This document is reviewed quarterly by the steering committee. Which document is being described?","A risk register is the primary document for tracking identified risks throughout their lifecycle. It typically includes risk descriptions, likelihood and impact ratings, risk scores, assigned owners, response strategies, and status updates. It is maintained as a living document reviewed regularly.",secp701::d5::context
"Board's risk preferences versus actual residual risk from legacy systems. An organization's board of directors has stated that they are willing to accept only low levels of risk in their operational environment and prefer conservative security investments. However, the IT department has identified that some legacy systems have moderate residual risk that cannot be fully mitigated without significant cost. Which concepts are being described?","Risk appetite is the broad amount of risk an organization is willing to accept in pursuit of its objectives. Risk tolerance is the specific acceptable variation around individual risk levels. When residual risk exceeds tolerance, remediation is needed to align with the organization's risk appetite.",secp701::d5::context
"Vendor providing a third-party audit report covering controls and operating effectiveness over 12 months. A financial services company is evaluating a cloud-based SaaS provider for customer relationship management. Before signing a contract, the company wants to verify that the vendor has adequate security controls. The vendor provides a report prepared by an independent CPA firm that describes the vendor's controls and includes testing of their operating effectiveness over a 12-month period. Which type of report has the vendor provided?",SOC 2 Type II reports are designed for service organizations and include an independent auditor's opinion on the suitability of design and operating effectiveness of controls over a period of time. Type I reports only assess control design at a single point in time.,secp701::d5::context
"Cloud provider failing to meet uptime requirements specified in the contract. A healthcare organization contracts with a cloud provider for data storage. The contract specifies that the provider will maintain 99.99% uptime, encrypt data at rest and in transit, provide quarterly access reports, and notify the organization within one hour of any security incident. The provider fails to meet the 99.99% uptime requirement for three consecutive months. Which document defines the remedies available to the healthcare organization?","An SLA is the contractual document that specifies measurable performance targets (uptime, response times) and the remedies when those targets are not met, such as service credits or termination rights. MOUs are less formal, while ISAs focus on interconnection security.",secp701::d5::context
Vendor risk assessment before granting source code access to a development partner. A security team is conducting a vendor risk assessment for a critical software development partner. The team needs to evaluate the vendor's security practices before granting access to the organization's source code repository. Which TWO documents should the team request as part of a thorough vendor due diligence review? (Choose TWO.),"A SOC 2 Type II report provides independent assurance about a vendor's control environment over time. Penetration test results show the practical effectiveness of security controls. Both are objective, substantive artifacts for vendor risk assessment.",secp701::d5::context
Company comparing SOC reports from two vendors for compliance requirements. A manufacturing company is evaluating two cloud storage vendors. Vendor A provides a SOC report that evaluates the suitability of control design at a specific point in time. Vendor B provides a SOC report that evaluates both control design and operating effectiveness over a six-month period. The company's compliance team requires assurance that controls are actually operating effectively over time. Which vendor should they choose and why?,"SOC 2 Type II reports provide assurance about both the design and operating effectiveness of controls over a period (minimum 6 months). Type I reports only assess design at a single point in time. For compliance requiring evidence of ongoing control effectiveness, Type II is the appropriate choice.",secp701::d5::context
"Startup needs to protect proprietary information before sharing it with a potential vendor. A technology startup is evaluating a potential software vendor. Before sharing detailed network architecture diagrams and proprietary API documentation, the startup wants to ensure the vendor cannot disclose this information to competitors. Which document should be signed before sharing this sensitive information?",An NDA is the appropriate legal instrument to protect confidential information shared during vendor evaluations. It establishes legally enforceable obligations to maintain confidentiality and specifies consequences for unauthorized disclosure.,secp701::d5::context
"Two government agencies connecting networks with specific technical security requirements. Two government agencies need to connect their separate networks to share classified information. They must document the technical security requirements for the connection, including encryption standards and authentication methods, in a formal agreement. Which type of document is most appropriate for this purpose?","An ISA is specifically designed to document technical security requirements for connecting systems, including encryption standards, authentication methods, and connectivity controls. It is commonly used alongside an MOU when organizations need to interconnect networks.",secp701::d5::context
Organization using hardware with components from a high-risk subcontractor outside direct contractual control. An organization discovers that a critical hardware component in its data center is manufactured by a subcontractor in a country with weak intellectual property laws and known state-sponsored espionage activities. The organization has no direct contractual relationship with this subcontractor. Which type of risk does this scenario primarily illustrate?,"Supply chain risk includes threats from vendors, suppliers, and subcontractors throughout the product lifecycle. When organizations lack visibility into lower-tier suppliers, they may unknowingly introduce compromised or counterfeit components, exposing themselves to espionage, backdoors, or quality issues.",secp701::d5::context
"US company with EU customers fined 4% of global revenue after a data breach. A US-based e-commerce company sells products to customers worldwide, including the European Union. The company collects names, email addresses, shipping addresses, and payment information. After a data breach exposes EU customer data, the EU regulatory authority imposes a fine of 4% of the company's annual global revenue. Which regulation provides the basis for this penalty?","GDPR has extraterritorial reach, applying to any organization processing personal data of EU residents. Its tiered fine structure allows penalties up to 4% of annual global revenue for severe violations involving data subject rights and cross-border data transfers.",secp701::d5::context
Retail company processing credit card transactions in-store and online. A retail company processes credit card transactions in its physical stores and through its e-commerce website. The company stores cardholder data to process refunds and recurring billing. The security team is reviewing which systems and processes must comply with a specific set of security requirements. Which compliance framework applies to the handling of cardholder data?,"PCI DSS is the industry security standard for any entity that stores, processes, or transmits cardholder data. It includes 12 core requirements covering network security, data protection, access control, monitoring, and testing. Noncompliance can result in fines from acquiring banks and increased transaction fees.",secp701::d5::context
"Hospital system storing and transmitting electronic health records and patient information. A regional hospital system stores electronic health records, treatment histories, and insurance information for its patients. The system also processes billing transactions and transmits patient data to insurance companies for reimbursement. Which federal regulation primarily governs the security and privacy of this patient data?","HIPAA's Privacy Rule and Security Rule establish national standards for protecting individuals' medical records and other personal health information. Covered entities include healthcare providers, health plans, and healthcare clearinghouses that transmit health information electronically.",secp701::d5::context
"European retailer receiving customer requests about personal data handling under GDPR. A European online retailer collects customer data including names, email addresses, purchase history, and payment information. A customer requests that the company delete all their personal data and stop processing it for marketing purposes. The company's legal team is reviewing which data subject rights apply under the GDPR. Which TWO rights are explicitly granted to data subjects under the GDPR? (Choose TWO.)","GDPR provides several key data subject rights including: right to be informed, right of access, right to rectification, right to erasure (to be forgotten), right to restrict processing, right to data portability, right to object, and rights related to automated decision-making. Rights to erasure and data portability are among the most significant.",secp701::d5::context
"A multinational retail group has grown by acquiring five regional chains, and each chain still runs its own security team with separate password rules, patch schedules, and incident response procedures. After a ransomware attack on one chain exposed the cost of these inconsistent practices, corporate leadership wants every division to follow the same security standards, enforced uniformly across the group. Which governance structure would BEST achieve the leadership's goal of consistent, uniformly enforced security across the group?","Centralized governance places decision-making authority at the top (a corporate security office), producing consistent decisions and uniform, enforceable standards across all divisions — directly addressing the inconsistencies that led to the attack. Decentralized governance (b) keeps authority in each chain and is known for quicker local decisions at the cost of inconsistency, while a committee without override power (c) cannot enforce uniformity. Regulations and external audits (d) impose external minimums but are not an internal governance structure and cannot enforce consistent internal standards.",secp701::d5::context
"University considering sharing student records with a third-party analytics company. A state university maintains student records including grades, disciplinary actions, and financial aid information. A third-party educational analytics company requests access to this data to develop predictive models for student retention. Before sharing any data, the university must ensure compliance with the federal law protecting student education records. Which regulation governs this data sharing?",FERPA (Family Educational Rights and Privacy Act) is a federal law that protects the privacy of student education records. It applies to all educational institutions that receive federal funding. Schools must have written permission from parents or eligible students to release personally identifiable information from education records.,secp701::d5::context
"Bank collecting and sharing customer financial information with marketing partners. A regional bank collects customer information including Social Security numbers, account balances, investment portfolios, and transaction histories. The bank shares some of this data with affiliate marketing partners. Which federal regulation requires the bank to provide customers with a privacy notice explaining information-sharing practices and offering an opt-out mechanism?",GLBA's Privacy Rule requires financial institutions to provide initial and annual privacy notices describing their information collection and sharing practices. Customers must be given the opportunity to opt out of having their nonpublic personal information shared with nonaffiliated third parties. GLBA also includes Safeguards and Pretexting Rules.,secp701::d5::context
"External pen test with no prior knowledge, credentials, or documentation provided to testers. A company hires an external penetration testing firm to evaluate its network security. The testing team is given no prior knowledge of the network, no credentials, and no documentation. They must discover vulnerabilities entirely through external reconnaissance and active testing. Which type of penetration test is being conducted?","Black-box testing simulates an external attacker with no inside knowledge. Testers must gather information through open-source intelligence (OSINT), scanning, and enumeration to find vulnerabilities. This approach best simulates real-world external attacks.",secp701::d5::context
"Simulated threat actor targeting trading systems with stealth and specific exfiltration goals. A large financial institution has authorized a team to simulate a sophisticated threat actor attempting to compromise their trading systems. The team receives no advance notice, uses stealthy methods to avoid detection, and has a specific goal of exfiltrating sensitive customer data without being caught by the internal security team. Which type of security exercise is being conducted?","Red-team exercises simulate real-world adversaries with specific objectives, stealth requirements, and evasive tactics. They test not only technical vulnerabilities but also the organization's people, processes, and detection/response capabilities. Blue teams defend, purple teams collaborate.",secp701::d5::context
CISO comparing vulnerability assessments and penetration tests for annual security testing planning. An organization is planning security testing for the upcoming year. The CISO is reviewing the differences between a vulnerability assessment and a penetration test to determine which approach is most appropriate for each system. Which TWO statements correctly describe differences between vulnerability assessments and penetration tests? (Choose TWO.),"Vulnerability assessments identify and report potential vulnerabilities but stop short of exploitation. Penetration tests actively attempt to exploit vulnerabilities to determine the actual risk. Both require documentation, but penetration tests are typically more expensive due to the manual effort involved in exploitation.",secp701::d5::context
"Internal audit team planned to audit IT access controls, but IT manager questions impartiality. An organization's internal audit team is planning to audit the IT department's access control processes. The IT manager argues that the audit should be conducted by an external firm because the internal audit team reports to the same executive leadership as the IT department. Which principle is the IT manager concerned about?","Auditor independence is essential for objective and unbiased audit results. Internal auditors should report to a level of the organization that ensures independence from the areas being audited (typically the board or audit committee). When independence is insufficient, external auditors may be engaged.",secp701::d5::context
Understanding the scope and coverage of SOC 2 Type II reports. A SOC 2 Type II report provides assurance about a service organization's controls. Which of the following best describes what a SOC 2 Type II report covers?,"SOC 2 Type II reports provide assurance on both the design suitability and operating effectiveness of controls related to the Trust Services Criteria (security, availability, processing integrity, confidentiality, privacy) over a specified period of at least six months.",secp701::d5::context
Offensive and defensive teams collaborating with information sharing during a security exercise. An organization wants to improve its security detection and response capabilities by having its offensive and defensive security teams work together. The offensive team shares its tactics and tools with the defensive team during the engagement so the defensive team can improve monitoring and response. Which type of exercise is being conducted?,"Purple-team exercises break down the traditional wall between red and blue teams by facilitating real-time information sharing. The red team shares techniques being used so the blue team can develop and test detections immediately, accelerating security improvement.",secp701::d5::context
"Phishing simulation results: 35% clicked link, 15% entered credentials, 8% reported. A company's security team launches a simulated phishing campaign targeting all employees. The campaign uses a realistic email pretending to be from the IT department requesting password verification. Results show that 35% of employees clicked the link, 15% entered credentials, and 8% reported the email to the security team. Which metric indicates the most significant improvement opportunity for the security awareness program?","While the click and credential-entry rates are concerning, the extremely low reporting rate (8%) indicates that most employees who recognized the email as suspicious did not know how or where to report it. A key component of security awareness training is establishing and communicating clear reporting procedures.",secp701::d5::context
Hospital developing differentiated training content for different employee roles. A hospital is developing a security awareness training program. The training team is determining what content different employee groups need. The IT security team needs training on secure coding and incident response procedures. Nursing staff need training on protecting patient privacy and recognizing phishing. Administrative staff need training on data handling and clean desk policies. Which training approach is being described?,"Role-based training delivers content tailored to the specific security risks and responsibilities of different job functions. IT staff need technical training, healthcare workers need privacy training, and executives may need strategic risk training. This is more effective than one-size-fits-all approaches.",secp701::d5::context
Company redesigning security awareness program after a ransomware incident from phishing. A company is redesigning its security awareness program after a ransomware incident that started with a phishing email. Management wants to implement a program that measurably reduces the likelihood of successful phishing attacks. Which TWO elements should be included in the redesigned program? (Choose TWO.),"Regular phishing simulations with immediate feedback help users learn to recognize phishing in a controlled environment. A clear reporting mechanism (such as a phishing report button) enables users to report suspicious emails quickly, turning them into active participants in the defense against phishing attacks.",secp701::d5::context
Employee recognizes a suspicious CEO impersonation email and reports it without engaging. An employee receives an email that appears to be from the CEO requesting an urgent wire transfer to a new vendor. The employee notices the email address has a slight misspelling in the domain name. The employee sends a separate email to the IT security team to verify the request and does not click any links or reply to the suspicious email. Which type of behavior is the employee demonstrating?,"The employee demonstrated the three key behaviors that security awareness training seeks to develop: 1) Identify (noticed the misspelled domain), 2) Resist (did not engage with the email), and 3) Report (contacted the security team through proper channels).",secp701::d5::context
"Audit finding: no recurring security awareness training schedule exists beyond initial onboarding. A compliance auditor is reviewing an organization's security awareness program. The auditor notes that the organization provides training to all employees upon hire but has no schedule for subsequent training sessions. According to security best practices and common compliance frameworks, how frequently should ongoing security awareness training typically be conducted?","Security awareness training should be provided at least annually, with many organizations opting for quarterly or monthly updates. Initial training upon hire is required, and refresher training should address emerging threats, policy changes, and lessons learned from incidents.",secp701::d5::context
"Organization seeking to improve security training engagement through competition and achievement incentives. An organization is trying to increase engagement in its security awareness training program. Employee completion rates are low, and those who complete the training score poorly on follow-up assessments. The training team proposes introducing leaderboards, badges, and friendly competition between departments to motivate participation. Which technique is being proposed?","Gamification uses game mechanics like points, levels, leaderboards, challenges, and badges to increase motivation and engagement in non-game activities. When applied to security awareness training, it can improve completion rates and knowledge retention by making learning more interactive and rewarding.",secp701::d5::context
A board-approved policy mandates full-disk encryption and prohibits personal cloud storage. IT implements technical controls; HR enforces during onboarding. An organization's board of directors approves a new remote-work security policy that mandates full-disk encryption on all laptops and prohibits the use of personal cloud storage for company data. The CISO then assigns the IT department to implement the technical controls and the HR department to enforce the policy during onboarding. How should the policy itself be classified?,"Managerial controls include policies, standards, procedures, risk assessments, and governance decisions. The policy directs the organization; IT's encryption work is technical, and HR's enforcement is operational execution of that managerial directive.",secp701::d1::context
"Loading dock signs state vehicles are subject to random inspection and the area is monitored by CCTV. A company places prominent signs at its loading dock stating that all vehicles are subject to random inspection and that the area is monitored by CCTV. The signs alone, before any camera footage is reviewed, are BEST described as which type of security control?","Deterrent controls are designed to discourage malicious activity by making the consequences or detection likelihood visible. Signs, lighting, and visible camera housings are classic deterrents — they influence behavior rather than block or detect.",secp701::d1::context
"An unsupported PLC cannot be patched. The team segments it onto a dedicated VLAN, restricts access via a jump host, and adds IPS rules blocking known exploits. A manufacturing plant runs a 15-year-old programmable logic controller (PLC) that cannot receive security patches because the vendor no longer supports it. The plant cannot afford to replace it this year. To protect it, the security team places the PLC on a dedicated VLAN, restricts all inbound access to a single jump host, and adds an inline IPS rule that blocks the known exploit patterns. These measures are BEST classified as which control type?","Compensating controls provide an alternative layer of protection when the preferred control is not feasible. Segmentation, jump-host restriction, and IPS virtual patching are the standard compensating approach for unpatched legacy systems.",secp701::d1::context
"An analyst reviews 40 IDS alerts, confirms 3 true positives, opens tickets, investigates, and documents outcomes. A security analyst reviews alerts and notices that the intrusion detection system generated 40 alerts overnight, of which 3 were confirmed true positives. The analyst opens a ticket for each alert, investigates, and documents the outcome. In this workflow, the analyst's review and documentation activity itself is BEST classified as which control type?","Detective controls identify and document security events. Log review, alert triage, and audit analysis are detective activities; they discover incidents that prevention missed. The IDS is the technical detective control and the analyst review is the operational detective process.",secp701::d1::context
"An identity-aware proxy evaluates identity, device posture, and location against policy before connecting users to an internal application. A company deploys an identity-aware proxy in front of its internal application. When a user requests access, the proxy evaluates the user's identity, device posture, and location against policy, and only then establishes a connection to the application server on the user's behalf. Which Zero Trust component does the proxy primarily act as?","In NIST SP 800-207, the Policy Enforcement Point is the system that permits or denies a session between a subject and a resource. Identity-aware proxies, gateways, and VPN concentrators act as PEPs: they enforce the control plane's decisions at the data plane.",secp701::d1::context
"A customer denies authorizing a wire transfer, but the transfer was signed with their digital certificate and the audit log captured time, IP, and session ID. A bank customer claims they never authorized a $5,000 wire transfer. The bank's system shows the transfer was submitted with the customer's digital certificate, and the audit log records the exact time, originating IP, and session ID. Which security goal does the digital certificate primarily establish?",Non-repudiation prevents a party from denying an action. Digital signatures provide proof of origin and integrity; audit logs add evidence of when and where. Together they make the customer's denial unsustainable.,secp701::d1::context
"Access to health records is granted by job role and patient admission status, re-evaluated dynamically as attributes change. A hospital grants access to electronic health records based on the requesting user's job role (e.g., nurse, physician, pharmacist) and the patient's current admission status. Access is re-evaluated dynamically as roles and patient status change. Which authorization model does this BEST describe?","ABAC grants access based on attributes of the subject, object, and environment evaluated against policy — often dynamically. RBAC is a subset concept; the combination of role plus patient status plus dynamic re-evaluation is the ABAC signature.",secp701::d1::context
"A regional bank is standardizing how employees reach the network from home. The information security team publishes a policy stating that multifactor authentication (MFA) is required for every remote-access session, and a standard operating procedure that requires MFA enrollment before the VPN client is installed on a laptop. Neither document contains enforcement software; a separate identity platform verifies credentials when employees connect. How should the policy and the standard operating procedure be classified as a control?","The policy and the standard operating procedure are directive controls because their purpose is to communicate required behavior — the same role played by all policies, standards, and procedures. They do not block access (preventive), threaten consequences (deterrent), or stand in for a control that could not be implemented (compensating). Enforcement is left to the separate identity platform, which is a technical control distinct from the documents themselves.",secp701::d1::context
"A firewall rule change must be reviewed by a group of stakeholders who assess risk, impact, and rollback before implementation in a maintenance window. A network engineer proposes changing the company firewall rules to allow a new vendor connection. Per the change management policy, the request must be reviewed and approved by a group of stakeholders who assess risk, impact, and rollback before implementation during a scheduled maintenance window. Which body performs this approval?","The Change Advisory Board (CAB) is the governance body that reviews changes for risk, business impact, and rollback feasibility, then approves or denies them. Change windows, backout plans, and documentation are standard CAB requirements.",secp701::d1::context
"A database security patch breaks the order-processing application during the change window. An administrator applies a database security patch during the approved change window. Immediately afterward, the order-processing application begins returning errors because the patch changed a query optimization behavior the application relied on. What should the administrator do FIRST?","A rollback plan is a mandatory part of every change request. When a change causes unexpected failure, the change owner executes the documented backout procedure first, then reports the incident through the change management process for root-cause analysis.",secp701::d1::context
"A web framework upgrade must be implemented and tested in an isolated environment that mirrors production before deployment. A development team wants to upgrade the web framework used by the company's customer portal. Before any production deployment, the team is required to implement and test the upgrade in an isolated environment that mirrors production and contains no real customer data. Which change management practice does this represent?","Sandboxing changes in an isolated environment that mirrors production is a core change management practice: it validates the change, exposes incompatibilities, and prevents unplanned production impact. Production-like staging is the standard sandbox for infrastructure and application changes.",secp701::d1::context
"The change requester cannot approve the change; the implementer cannot approve the post-implementation verification. In a company's change management process, the engineer who wrote the change request is explicitly prohibited from approving it, and the engineer who implements the change cannot be the same person who approves the post-implementation verification. Which principle does this enforce?","Separation of duties prevents fraud and error by requiring different individuals to perform request, approval, implementation, and verification steps. It is a foundational change management and internal control principle.",secp701::d1::context
An engineer must verify a firmware image was not altered in transit and was genuinely produced by the vendor. A security engineer needs to verify that a firmware image downloaded from a vendor's website has not been altered in transit and was genuinely produced by that vendor. Which cryptographic mechanism should be used?,A digital signature over the image hash provides integrity (tamper detection via hash verification) and authenticity/non-repudiation (only the vendor's private key produces a valid signature). This is the standard firmware/software distribution integrity control.,secp701::d1::context
"An attacker matches unsalted SHA-256 password hashes against a precomputed table of common password hashes. An attacker obtains the password hash database from a web application. The hashes were computed with SHA-256 and no salt. Within hours, the attacker matches most of the hashes by looking them up in a precomputed table of common passwords and their hashes. Which mitigation would have MOST effectively defeated this attack?","Salting adds a random, per-user value before hashing, which defeats precomputed rainbow tables. A slow, adaptive KDF (bcrypt, scrypt, Argon2, PBKDF2) additionally raises the computational cost of offline guessing. This is the recommended password storage approach.",secp701::d1::context
"A VPN uses ephemeral Diffie-Hellman, generating a fresh session key per connection and discarding key material after the session. A VPN gateway is configured to use ephemeral Diffie-Hellman key exchange, generating a fresh session key for every connection and discarding the key material when the session ends. What property does this configuration provide?","Perfect forward secrecy (PFS), provided by ephemeral Diffie-Hellman (DHE/ECDHE), ensures that a leaked long-term key cannot decrypt previously captured traffic because session keys are ephemeral and destroyed. PFS is a recommended VPN/TLS configuration.",secp701::d1::context
"An HSM holds a copy of the file server's master key under split custody so data can be decrypted if the administrator's key is lost. An organization stores sensitive documents in an encrypted file server. To recover data after a disaster, the organization's security officer must be able to decrypt the file server even if the original administrator's key is lost. A hardware security module (HSM) holds a copy of the master key under split custody. Which key management practice does this describe?","Key escrow — holding key copies with a trusted party or secure module, often under split custody (e.g., M-of-N) — enables authorized recovery when primary keys are lost. HSMs are the standard platform for escrowed enterprise keys.",secp701::d1::context
"Custom never-before-seen tools, 18-month dwell time, exfiltration of SCADA operational data, no financial demand. An energy company's SCADA network was breached. The attackers used a custom toolset that had never been seen in the wild, maintained access for 18 months, exfiltrated grid operational data, and never deployed ransomware or made a financial demand. Which threat actor profile is MOST consistent with these behaviors?","Nation-state APTs are characterized by high resources, custom tooling, stealth, long dwell times, and espionage motives — all present here. The lack of financial motivation distinguishes them from organized crime.",secp701::d2::context
"A group targets crypto exchanges, uses banking trojans, rents RaaS affiliates, and launders proceeds — operates like a business. A threat intelligence report describes a group that primarily targets cryptocurrency exchanges, deploys banking trojans via phishing campaigns, uses ransomware-as-a-service affiliates, and launders proceeds through mixers. The group is believed to operate as a business with customer support and marketing. Which threat actor type does this describe?","Professional cybercrime organizations operate with business structures — marketing, customer support, affiliate programs (RaaS), and money laundering. Financial motivation at industrial scale is the defining attribute.",secp701::d2::context
"A nurse accessed 400 unrelated patient records and emailed summaries to a personal address, claiming to help a friend, no payment received. A hospital discovers that a night-shift nurse accessed the records of 400 patients with no clinical relationship to their duties, then emailed summaries to a personal address. The nurse claims they were 'helping a friend' and received no payment. Which TWO threat actor attributes apply?","Insider threats include employees who intentionally abuse access — malicious insiders need not be financially motivated. Unauthorized access to 400 records plus exfiltration is deliberate malicious behavior, distinct from accidental exposure.",secp701::d2::context
Former employee's credentials used 2 weeks after resignation; the account was never disabled. A security analyst is documenting an incident in which a former employee's credentials were used to access the corporate VPN and copy files from a project share two weeks after the employee resigned. The HR system shows the account was never disabled. Which threat actor category BEST describes the use of these credentials?,"When a former employee's still-valid account is used, the threat class is insider-related: an identity that should have been deprovisioned retains access. Automated deprovisioning tied to HR is the primary control.",secp701::d2::context
An attacker compromises a website frequently visited by defense contractor employees; visiting the site triggers an exploit that installs a backdoor. An attacker compromises the website of a professional association known to be visited by employees of defense contractors. The attacker injects JavaScript that exploits a browser vulnerability and installs a backdoor when visited. No emails are sent to victims. Which attack vector does this represent?,"Watering hole attacks poison a website the target group is known to visit, then wait for victims to arrive — stealthier than phishing because no malicious message is sent that could be filtered or inspected.",secp701::d2::context
"An attacker injects code into a vendor's installer and signs it with the vendor's valid certificate; thousands of customers install it. A vendor's update server is breached, and the attacker injects malicious code into the installer of a widely used backup application. The compromised installer is signed with the vendor's legitimate code-signing certificate, so thousands of customers deploy it without warnings. Which threat vector is this?","Supply chain attacks compromise software or hardware upstream of the victim — build pipelines, update servers, signed binaries, or third-party libraries. Valid code-signing certificates make the payload appear trustworthy, defeating signature-based defenses.",secp701::d2::context
"A voicemail claiming to be IT support demands a password verification callback, with caller ID spoofed to the real support number. An employee receives a voicemail claiming to be from the company's IT help desk stating that 'your account will be locked in 24 hours — call this number to verify your password.' The caller ID displays the company's real support number. Which social engineering technique is being used?","Vishing (voice phishing) is social engineering over the phone, often with spoofed caller ID and urgency. Pretexting is the underlying manipulation, but vishing is the exam term for the voice-delivered variant.",secp701::d2::context
An application stores uploads using the client-supplied filename without validation; a tester uses a filename containing ../ sequences. A web application allows users to upload profile photos. A tester uploads an image file whose filename contains ../../../etc/passwd and observes that the application stores files based on the client-supplied name without validation. Which vulnerability class is being tested?,"Directory traversal (path traversal) vulnerabilities arise when user input is used in file paths without validation. Attackers use ../ sequences to escape the intended directory. Sanitization, canonical path validation, and random server-side filenames are the defenses.",secp701::d2::context
"A payment app deserializes network-supplied objects without source/type validation; crafted payloads could execute arbitrary code. During a code review, a developer finds that a payment application deserializes objects received over the network without validating the data source or type. An attacker could craft a serialized payload that instantiates arbitrary classes and executes code on the server. Which vulnerability is present?","Insecure deserialization occurs when applications deserialize untrusted data without integrity/type validation, enabling code execution, injection, or logic bypass. Defenses include signed/encrypted payloads, allow-listing classes, and never deserializing untrusted input.",secp701::d2::context
"Legacy app findings: unsalted SHA-1 password storage, TLS 1.0 enabled, weak RNG session tokens. A security team reviews a legacy web application and finds: (1) passwords stored as unsalted SHA-1 hashes, (2) TLS 1.0 enabled for backward compatibility, and (3) session tokens generated with a weak seeded random number generator. Which TWO vulnerability categories apply?",Cryptographic failures (A02) cover weak/legacy algorithms and insufficient randomness; broken authentication/session management (A07) covers predictable session tokens that enable hijacking. Both are OWASP Top 10 2021 categories.,secp701::d2::context
"A community hospital runs a multi-tenant private cloud in which several departments share physical hosts under a single hypervisor. A penetration tester compromises a low-privileged account inside one guest VM, then exploits an unpatched hypervisor flaw: the guest's code executes against the host kernel and, from there, reads memory belonging to another department's VM on the same host. The tester never interacted with the second guest directly. Which vulnerability class does this exploitation demonstrate?","The tester's code began inside one guest VM and ended up executing against the host kernel, crossing the hypervisor-enforced isolation boundary — the defining property of a VM escape. Resource reuse would instead expose data left behind by a prior tenant without crossing the virtualization boundary, and a container breakout targets container-runtime isolation on a shared kernel rather than a hypervisor. Privilege escalation increases access inside the same boundary, which is not what happened here. Keeping the hypervisor patched, minimizing the management-plane attack surface, and isolating high-value tenants on dedicated hosts reduce the risk of escapes and cross-tenant data exposure.",secp701::d2::context
"An attacker dumps the KRBTGT hash and forges TGTs granting any-user, never-expiring access to any resource. An attacker with administrative access to a domain controller dumps the KRBTGT account's password hash, then forges Kerberos ticket-granting tickets that grant access to any resource for any user, including backdated tickets that never expire. Which attack is this?","The golden ticket attack forges Kerberos TGTs using the KRBTGT hash, granting persistent domain-wide access that is extremely hard to detect. Mitigations: protect the KRBTGT hash, monitor for anomalous ticket usage, and rotate the KRBTGT password twice on suspected compromise.",secp701::d2::context
A compromised workstation sends DNS queries for random subdomains; large responses are reflected at a third party. Network monitoring shows a workstation sending large volumes of DNS queries for random subdomains of a domain the company does not control. The responses are much larger than the queries. The security team determines the workstation was compromised and is being used to reflect traffic at a third party. Which technique is being performed?,"DNS amplification abuses open resolvers: attackers send small queries with spoofed victim IPs, and resolvers return large responses, multiplying traffic at the victim. Preventing open recursion and rate-limiting DNS are mitigations.",secp701::d2::context
A development team is remediating a stored XSS vulnerability in a web application. Which control is the MOST effective primary defense?,"Output encoding in the correct context is the primary defense against XSS: it neutralizes the injection at the sink. CSP, sanitization, and WAFs are compensating layers. Client-side validation provides no security.",secp701::d2::context
Choose the strongest combination against encryption-based ransomware on file servers. An organization wants to reduce the impact of a ransomware infection on its file servers. Which combination provides the strongest defense against encryption-based ransomware?,"Ransomware resilience requires recoverable data (offline/immutable backups, tested restores) and minimized blast radius (least privilege, segmentation). Signature AV and user education are helpful but insufficient alone.",secp701::d2::context
"USB-borne malware outbreak traced to a drive found in the parking lot; employees routinely use personal USB drives. A company discovers that employees routinely plug personal USB drives into corporate workstations, and a recent malware outbreak was traced to a USB drive found in the parking lot. Which mitigation addresses the root cause MOST directly?","USB drops are a physical baiting vector. Endpoint device control (blocking/allow-listing USB storage), combined with awareness training, addresses the root cause. Technical enforcement is the strongest direct mitigation.",secp701::d2::context
"A provider delivers email, CRM, and office apps via browser; the customer manages only accounts and content. A company moves its email, customer relationship management, and office productivity applications to a provider that manages the underlying infrastructure, platform, and application, delivering everything through a web browser. The company manages only user accounts and content. Which service model is this?","SaaS delivers complete applications with the provider responsible for infrastructure, platform, and application layers. The customer's residual responsibilities are data, user access, and configuration — matching the scenario.",secp701::d3::context
"A university's network team protects wired access ports by allowing only pre-approved MAC addresses on each port. After an incident in which a student spoofed the MAC address of an approved lab computer and gained full network access from an active wall jack, the team wants to replace the static MAC allowlists with per-user identity-based authentication for every device that connects. Which control should the team implement?","802.1X performs port-based authentication: the connecting device acts as the supplicant, the switch acts as the authenticator, and a RADIUS server validates the credentials, so a spoofed MAC no longer grants access. Disabling unused ports only shrinks the number of available wall jacks, and MAC allowlists, however detailed, remain trivially spoofable. DHCP snooping guards against rogue DHCP servers rather than device identity, so none of those alternatives authenticate the endpoint.",secp701::d3::context
"Small independently deployable services communicating over APIs, each scaling separately; all cloud resources provisioned from version-controlled config. A startup deploys its application as small, independently deployable services that communicate over APIs, each scaling separately. The team also provisions all cloud resources from version-controlled configuration files in a Git repository. Which TWO architecture practices are in use?","Microservices break applications into independently deployable, API-communicating services. Infrastructure as code (IaC) manages infrastructure through versioned, reviewable configuration — enabling repeatable, auditable provisioning.",secp701::d3::context
"Provider handles data centers, hypervisor, and network; hospital handles access, encryption settings, and audit policies. A hospital uses a cloud provider for its electronic health record (EHR) system. During a security review, the hospital's CISO notes the provider is responsible for the physical data centers, hypervisor, and network, while the hospital configures user access, encryption settings, and audit policies. Which concept does this division describe?","The shared responsibility model allocates cloud security duties: the provider secures the underlying infrastructure, and the customer secures what it controls (access, data, configuration, identities). The split varies by service model (IaaS/PaaS/SaaS).",secp701::d3::context
Separate segments with restricted inter-segment traffic so a compromised server cannot easily reach peers. A security architect wants to prevent an attacker who compromises one application server from easily reaching other servers in the same tier. The architect creates separate network segments and restricts traffic between them so that only specific application-to-application flows are permitted. Which concept is being implemented?,"Microsegmentation (often software-defined) creates granular security zones with explicit per-application allow rules, containing east-west lateral movement. It is a core Zero Trust architectural control.",secp701::d3::context
"A container image from a public registry contains a vulnerable library and runs as root. An organization's security team discovers that a container image pulled from a public registry contains a known vulnerable version of a library, and that the image was built from a Dockerfile that runs as root. Which TWO hardening steps address the root causes?","Container security requires scanning images for known CVEs and running with least privilege (non-root, read-only rootfs, dropped capabilities). These address the two root causes described: vulnerable dependencies and root execution.",secp701::d3::context
"Legacy SCADA controllers that cannot be patched should never be directly reachable from the corporate network or internet. A water utility operates a SCADA system that controls pumps and valves. The system runs on legacy controllers that cannot be patched, and the vendor recommends the controllers never be directly reachable from the corporate network or the internet. Which architectural control is the vendor describing?","ICS/SCADA environments with unpatched, long-lifecycle controllers rely on air gaps and controlled one-way data exchange to remove attack surface. OT/IT segmentation, data diodes, and jump hosts are the standard protections.",secp701::d3::context
Remote employees need access to a small set of internal apps without public exposure or full-network VPN. An organization needs to give remote employees access to a small set of internal applications without placing those applications on the public internet or requiring a full VPN to the entire corporate network. Which technology fits this requirement BEST?,ZTNA (a Zero Trust access model) connects users to specific applications through an identity-aware proxy without exposing them publicly or granting general network access — the modern replacement for remote-access VPN for application-level access.,secp701::d3::context
"A payment processor replaces card numbers with random unique values and stores the mapping in a secured vault to reduce PCI scope. A payment processor must store credit card numbers to handle refunds but wants to minimize PCI DSS compliance scope. The processor replaces card numbers with randomly generated values that are unique per transaction, and stores the mapping between the real number and the replacement in a highly secured vault. Which technique is this?","Tokenization substitutes sensitive values with non-sensitive tokens stored separately from the original data. Because tokens are not the real PAN and cannot be reversed without vault access, systems handling only tokens fall out of PCI DSS scope.",secp701::d3::context
"Joining databases on email addresses that must not be recoverable from the analytic environment. A data analyst needs to use customer email addresses to join two databases for analysis, but the security team requires that the addresses not be recoverable from the analytic environment. Which technique satisfies this requirement?","Salting and hashing pseudonymizes data: identical inputs hash identically (enabling joins), but the original value is computationally infeasible to recover. This is the standard approach for analytics on sensitive identifiers.",secp701::d3::context
"An endpoint agent detects files with SSN/CC patterns and blocks copying to USB or external email. A company deploys an agent on employee workstations that monitors files containing patterns matching social security numbers and credit card numbers, and blocks attempts to copy them to USB drives or email them externally. Which control is this?","Endpoint DLP agents perform content inspection on the device and enforce policies on sensitive data movement — blocking USB copy, email, and other egress channels. Network DLP and storage DLP complement it.",secp701::d3::context
"Audit logs retained 7 years on WORM storage with hashing for tamper evidence. An organization's records management policy requires that audit logs be retained for seven years and be tamper-evident. The security team stores the logs on write-once, read-many (WORM) storage and hashes each log batch. Which data lifecycle concept is being addressed?",Data retention defines how long records are kept and how they are preserved. WORM storage and cryptographic hashing ensure retained logs remain intact and tamper-evident for the full retention period — a compliance and forensics requirement.,secp701::d3::context
"Full backup Sundays, differential backups other nights; restore after Thursday failure. A company performs a full backup every Sunday night and differential backups every other night. On Thursday, the file server fails and must be restored from backups. Which backups are required for a complete restore?","Differential backups capture all changes since the last full backup. Restore = last full + latest differential (2 tapes). Incremental backups, by contrast, would require the last full plus every incremental since it.",secp701::d3::context
Max 4 hours downtime tolerated; max 15 minutes of data loss tolerated. An organization determines it can tolerate at most 4 hours of downtime for its order-processing system and at most 15 minutes of data loss. Which pair of metrics defines these requirements?,"RTO (recovery time objective) = max acceptable downtime (4h); RPO (recovery point objective) = max acceptable data loss (15 min). The RPO drives backup frequency: to lose at most 15 minutes, backups/replication must run at least that often.",secp701::d3::context
"Continuously replicated, fully equipped secondary facility that can take over within minutes. A financial firm requires near-continuous availability after a disaster, with systems continuously replicated to a secondary facility that is fully equipped and can take over within minutes. Which disaster recovery site type is this?","Hot sites maintain mirrored, continuously replicated environments that can resume operations within minutes. Warm sites need loading and configuration; cold sites need full build-out.",secp701::d3::context
"Backups stored on the same storage array as production are encrypted by ransomware too. A company's backup administrator takes a nightly snapshot of a database and stores it in the same storage array as the production database. After a ransomware attack encrypts the array, the backup is also unusable. Which change to the backup strategy would have prevented this outcome?","Ransomware resilience requires backups that the attacker cannot reach or modify: immutable storage (WORM/object locking), offline/air-gapped copies, or separate isolated backup infrastructure — plus tested restores.",secp701::d3::context
"A standard image with security configs, approved apps, and patches deployed to 200 identical workstations. An administrator is provisioning 200 identical Windows workstations. To ensure every system starts from the same hardened state, the team captures a standard image that includes security configurations, approved applications, and patch levels, then deploys it via the management tool. What is this image called?","A golden image (baseline image) is the standard hardened configuration deployed to new systems, ensuring consistency, patch compliance, and secure defaults across the fleet.",secp701::d4::context
"New Linux servers have Telnet enabled, SNMP community 'public', and root SSH password login permitted. A security assessment of newly deployed Linux servers finds the Telnet service enabled, the SNMP community string set to 'public', and the root account permitted to log in over SSH with a password. Which TWO hardening actions address the findings?","Hardening includes disabling insecure protocols (Telnet), enforcing secure management (SSH keys), and using authenticated network management (SNMPv3). Root login over SSH with passwords should be disabled in favor of keys and privilege elevation.",secp701::d4::context
"Endpoint protection that detects, auto-isolates, investigates memory/processes, and rolls back malicious changes. A security engineer needs endpoint protection that not only detects malware but also automatically isolates an infected host from the network, performs memory/process investigation, and can roll back malicious changes. Which solution category fits?","EDR/XDR continuously monitors endpoints, uses behavioral analytics, automates containment (host isolation), supports forensic investigation, and can roll back ransomware-style changes. XDR extends the same approach across network, email, and cloud.",secp701::d4::context
"A Linux server in a retailer's DMZ is suspected of being used as a pivot point during an intrusion. The incident responder must establish which accounts authenticated over SSH and when, whether any commands created new user accounts, and what processes executed around the suspected time. The responder is choosing which on-host data sources to examine first. Which endpoint/OS log source is the BEST starting point to answer these questions?","On Linux, /var/log/auth.log records authentication attempts and successes such as SSH logons, and the audit daemon logs process execution, syscalls, and account-management changes, making the pair the definitive on-host source for this investigation. Web application logs only cover HTTP requests, dmesg reports kernel and hardware messages, and Bash history is per-user, trivially cleared, and excludes non-interactive activity.",secp701::d4::context
"Corporate-owned phones used for work and personal purposes, MDM-enrolled, with a separate personal app container. A company issues smartphones to employees for both work and personal use. The devices are corporate-owned, enrolled in the management platform, and the company can wipe or restrict them, while employees may install personal apps in a separate container. Which deployment model is this?","COPE (corporate-owned, personally enabled) gives the organization full management and wipe authority while allowing personal use, typically via app containerization — the balance of control and employee flexibility.",secp701::d4::context
"An online retailer's customer-facing application began returning slow responses during peak hours. The operations team wants continuous visibility into CPU, memory, disk, and application request latency so it can detect resource exhaustion before customers are affected. The team is selecting a monitoring approach for its application servers. Which monitoring practice BEST provides this visibility?","Infrastructure and application monitoring agents collect metrics such as CPU, memory, disk utilization, and request latency on a continuous basis, and thresholds set against baselines trigger alerts as systems approach exhaustion. Vulnerability scans reveal configuration weaknesses, syslog records events rather than utilization, and packet capture analyzes traffic instead of resource consumption.",secp701::d4::context
"A bank's threat intelligence team receives a report describing a campaign that uses a specific PowerShell loader and outbound connections to a set of known command infrastructure. No alerts have fired, but the bank operates similar environments. The team decides to search for the reported indicators proactively rather than wait for a detection to trigger. Which approach BEST describes this activity and how it should be executed?","Threat hunting is a proactive, hypothesis-driven review of endpoint and network telemetry for IOCs and adversary behavior, frequently prompted by new threat intelligence before detections trigger. Findings are validated and then escalated into incident response. Vulnerability scanning checks patch state, immediate containment presumes a confirmed incident, and red-team emulation validates detection coverage rather than investigating the live environment.",secp701::d4::context
Security logs must survive tampering by a compromised administrator. An organization requires that security logs be preserved so that even a compromised administrator cannot silently alter historical records. Which control BEST achieves this?,"Log integrity requires centralized collection to tamper-evident storage (append-only/WORM), access separation, and hashing/timestamping. Attackers with local admin can modify or delete local logs; off-host immutable storage resists that.",secp701::d4::context
"CVSS 9.8 flaw in an internal-only web app with no known exploitation in the wild. A vulnerability scanner reports a critical-severity flaw (CVSS 9.8) in a customer-facing web application. The flaw is not yet known to be exploited in the wild, and the application is not internet-accessible — it is internal only. According to risk-based prioritization, how should the team proceed?","CVSS severity is only one input. Prioritization should incorporate exposure (internal vs internet-facing), known exploitation (e.g., CISA KEV catalog), compensating controls, and business criticality — an internal-only, unexploited flaw may rank below an exposed one.",secp701::d4::context
"Simulating real attacker techniques against a web app within agreed scope/time with management approval. A security team must verify that a newly deployed web application is free of common vulnerabilities by simulating real attacker techniques within an agreed scope and time window, with explicit approval from management. Which activity is this?","Penetration testing actively exploits vulnerabilities to validate real risk, operating under rules of engagement (scope, timing, authorization). Vulnerability scanning is passive detection; audits review process and control evidence.",secp701::d4::context
"Authenticate once with the corporate IdP, then access multiple SaaS apps without re-authentication. A company wants employees to authenticate once and gain access to multiple SaaS applications without re-entering credentials, using the corporate identity provider as the source of truth. Which technology enables this?","SSO with federation (SAML 2.0 or OIDC) authenticates the user once at the identity provider and issues assertions/tokens that relying applications trust — no repeated credential entry, centralized identity management.",secp701::d4::context
"Vaulting privileged credentials, JIT elevation, session recording, password rotation. An organization needs to manage privileged accounts: vaulting credentials, enforcing just-in-time elevation, recording admin sessions, and rotating passwords after use. Which solution category provides these capabilities?","PAM centralizes privileged account control: credential vaulting, JIT/least-privilege elevation, session monitoring/recording, and automated rotation. It directly addresses the risk of standing admin credentials.",secp701::d4::context
"SIEM alerts auto-enriched, ticketed, firewall-blocked via API, and analysts notified per a predefined workflow. A security team wants to reduce manual effort by having the SIEM automatically enrich alerts with threat intelligence, open a ticket, block a confirmed malicious IP at the firewall via API, and notify the on-call analyst — all following a predefined workflow. Which technology provides this?","SOAR (Security Orchestration, Automation, and Response) codifies response playbooks: it enriches alerts, triggers actions across tools (firewall APIs, ticketing), and coordinates human notification — reducing MTTR and manual toil.",secp701::d4::context
Automating firewall changes via API with a service account — identify the most important safeguard. A security engineer is automating firewall rule changes via scripts that call the firewall vendor's API using a service account. Which practice is MOST important to prevent the automation itself from becoming a security risk?,"Automation introduces its own risks: over-privileged service accounts and unvetted scripted changes. Least privilege, code review, approval gates, versioning, and full logging are the core safeguards for security automation.",secp701::d4::context
"Identifying and removing malware, then applying the patch that was exploited. During incident response, the team identifies the malware, removes it from affected hosts, and applies the missing patch that the malware exploited. Which phase of the NIST incident response lifecycle is being performed?","NIST SP 800-61 phases: Preparation, Detection & Analysis, Containment/Eradication/Recovery, Post-Incident Activity. Eradication removes the adversary and its foothold — malware deletion plus vulnerability remediation (patching).",secp701::d4::context
"Documenting every handler, time, place, and action for evidence, stored in a locked facility. A forensic examiner must produce evidence that can be presented in court. The examiner documents every individual who handled the evidence, when, where, and what was done to it, and stores it in a locked, access-controlled facility. Which concept is being followed?","Chain of custody documents the complete evidence handling history, preserving admissibility by proving the evidence was not altered or substituted. Every transfer is logged and secured; hashing provides integrity verification alongside.",secp701::d4::context
"A mandatory, board-approved rule that remote access must use VPN and MFA. A security manager needs to document the mandatory, board-approved rule that all remote access must use the corporate VPN and MFA. Which type of document should be created?","Policies are mandatory, high-level directives set by management/board. Standards make policies specific, procedures give steps, and guidelines are optional recommendations.",secp701::d5::context
"A privacy officer decides the legal basis and purpose for processing personal data. A privacy officer is accountable for deciding the legal basis and purpose for processing customer personal data. Under GDPR-style data roles, which role does this person hold?","The data controller decides why and how personal data is processed (legal basis, purpose, means). Processors act on the controller's behalf; custodians handle technical protection.",secp701::d5::context
"A manufacturer's internal audit team completed an audit of the ERP system and documented a high-severity finding: terminated employees keep active accounts for up to 30 days. The audit team reports to the board's audit committee, and the company's audit charter requires management to respond to every finding with a corrective action plan. The plant manager disputes the finding and proposes a plan the audit team considers insufficient. Which action BEST reflects how the internal audit process should handle the dispute?","The audit committee, a board-level group that oversees audit and compliance activities, is the proper body to resolve disputes between the audit team and management and to require a corrective action plan that actually resolves the finding (a). Allowing the audited manager to close the finding (b) eliminates independence, rewriting the finding (c) destroys objectivity, and re-running the entire ERP audit externally (d) is disproportionate and is not the standard dispute-resolution step. The process ends when management implements a plan the committee accepts and the finding is tracked to closure.",secp701::d5::context
"Leadership documents an unfixable risk, assigns an owner, and continues operating with current controls. A company determines that a legacy system has a vulnerability it cannot afford to fix this year. Leadership formally documents the risk, assigns an owner, and decides to continue operating the system with the current controls and monitoring. Which risk response is this?",Risk acceptance is the documented decision to tolerate residual risk when mitigation is not feasible or cost-effective — typically registered in the risk register with an owner and review date.,secp701::d5::context
"Requiring a cloud provider to allow independent audits and share results before contract signing. Before signing a contract with a cloud provider, a company requires the provider to agree to an independent audit of its security controls and to grant the company access to the audit results. Which contract provision is the company exercising?",Right-to-audit provisions (and review of SOC 2 / ISO 27001 attestations) are core third-party risk controls: they verify the vendor's security posture and support continuous monitoring of the relationship.,secp701::d5::context
"Assessing risk from open-source libraries: versions with known vulnerabilities and unmaintained components. A software company wants to assess the risk posed by the open-source libraries used in its products, including which versions contain known vulnerabilities and which are no longer maintained. Which practice provides this visibility?","A software bill of materials (SBOM) lists every component and version in a product, letting teams map CVEs, detect unmaintained libraries, and respond to newly disclosed vulnerabilities — foundational supply chain security.",secp701::d5::context
"U.S. healthcare organization storing ePHI — which regulation governs safeguards? A U.S. healthcare organization stores electronic protected health information (ePHI). Which regulation sets the security and privacy requirements the organization must meet, including administrative, physical, and technical safeguards?","HIPAA's Security Rule mandates administrative, physical, and technical safeguards for ePHI; the Privacy Rule governs uses and disclosures. HITECH strengthened enforcement and breach notification.",secp701::d5::context
"Assessment with full knowledge: architecture diagrams, credentials, and source code provided. A security assessment is performed by a team that is given full knowledge of the target environment, including architecture diagrams, credentials, and source code, to identify as many vulnerabilities as possible in a limited time. Which test type is this?","White-box tests give testers full visibility (source code, credentials, architecture) to find the broadest set of issues. Black-box simulates outsiders; gray-box sits between; red teams pursue adversarial objectives.",secp701::d5::context
"A school district plans to move student records to a cloud-based student information system offered by a small vendor. The vendor cannot provide a SOC 2 report and says its internal audit results are confidential, while its marketing materials promise strong security. District policy requires third-party due diligence before any student data is transferred. Which action BEST satisfies the district's third-party risk management obligations?","Third-party risk management requires objective verification of a vendor's controls, so the district should demand evidence of the vendor's internal audits or negotiate a right-to-audit clause before transferring any data (a). Marketing claims (b) are unverified, a self-reported questionnaire alone (c) does not replace audit evidence for regulated data, and completing the assessment only after migration (d) leaves student records at risk before controls are verified. Due diligence must be completed before data changes hands.",secp701::d5::context
"A state regulator notifies a regional credit union that it will conduct an on-site examination of the credit union's information security program. The examiners will review policies and risk assessments, interview the CISO, sample access-control reports, and test selected controls. They will then issue findings that the credit union must remediate. The credit union has never undergone such an examination before. Which type of audit or assessment is the credit union undergoing?","Because the examiners are independent of the credit union and act for a government regulator, this is an external regulatory audit — examinations are the audit type regulators conduct (a). Internal audits (b) are run by the organization's own team, self-assessments (d) are internal checklists, and penetration tests (c) focus on exploiting vulnerabilities rather than verifying regulatory compliance. The examiners' authority to issue findings the credit union must remediate is what makes the engagement an external regulatory audit.",secp701::d5::context
"Awareness content tailored per audience: executives, developers, general staff. A security team is designing an awareness campaign and wants to target each audience with relevant content: executives get business-risk briefings, developers get secure-coding sessions, and general staff get phishing and password hygiene. Which practice is this?","Role-based training tailors awareness to each audience's risk profile: executives (risk/legal), developers (secure coding), IT (operations), general staff (social engineering). It is more effective than one-size-fits-all content.",secp701::d5::context
A staged tailgating scenario to test badge/clean-desk policy adherence. A company wants to test whether employees follow the clean-desk policy and badge procedures. The security team stages a simulated social engineering scenario using a staff member posing as a contractor to tailgate through a secure door. Which exercise does this describe?,"Social engineering exercises test human controls — tailgating, phone pretexting, or phishing — to measure policy adherence and identify where awareness training is needed.",secp701::d5::context
"Stakeholders walk through a simulated ransomware scenario discussing roles and decisions without execution. An organization wants to ensure its incident response plan works before an incident occurs. The team gathers stakeholders in a room and walks through a simulated ransomware scenario, discussing roles, decisions, and actions without executing anything. Which exercise is this?","Tabletop exercises validate incident response and continuity plans through guided discussion of a scenario, surfacing gaps in roles, communication, and decision-making without disrupting operations.",secp701::d5::context
"BIA: customer portal max downtime 8 hours; max tolerable data loss 1 hour. During a business impact analysis, an organization determines that its customer portal can be down for at most 8 hours and that the maximum tolerable data loss is 1 hour. Which requirement does the 1-hour figure represent?","RPO = maximum tolerable data loss (how far back recovery can go) — 1 hour here, which drives backup/replication frequency. RTO = maximum tolerable downtime — 8 hours here, which drives recovery staffing and site strategy.",secp701::d5::context
"Internal audit findings assigned to owners with target dates and tracked to closure. An organization's internal audit team reviews the security program and identifies findings requiring corrective action. Management assigns owners and target dates, and the team tracks closure. Which concept does the follow-up process represent?","Corrective action plans operationalize audit findings: each finding gets remediation steps, an accountable owner, a target date, and status tracking until closure — closing the audit loop.",secp701::d5::context
"Facilitated post-incident review of what happened, worked, failed, and what to change. After a significant security incident, the organization schedules a facilitated meeting to review what happened, what worked, what failed, and what should change in processes and controls. Which practice is this?","The lessons-learned (post-incident review) meeting is a core IR phase: it analyzes what happened, what was done well, what failed, and produces actionable improvements — closing the loop on incident response.",secp701::d5::context
NIST SP 800-207 splits zero trust into a control plane (decides access) and a data plane (enforces it). A company is implementing a zero trust architecture based on NIST SP 800-207. The architect must separate the components that make access decisions from the components that enforce them. Which TWO components belong to the CONTROL plane?,The control plane decides access: the Policy Engine renders the grant/deny decision and the Policy Administrator sets up the communication path (tokens/credentials). The PEP is the data-plane enforcer that actually allows or denies the session.,secp701::d1::context
"The service is identity-aware, per-application, and continuously verifies trust instead of granting network-level access. A company replaces its remote-access VPN with a cloud-delivered service that verifies device posture and user identity on every request, then grants access only to specific applications — never to the whole network. Which technology BEST describes this service?",ZTNA (zero trust network access) is an identity-aware proxy: it verifies user identity and device posture on every request and grants access to specific applications (or resources) rather than broad network access — the hallmark of the zero trust model.,secp701::d1::context
"Digital signatures combine a hash of the message with the signer's private key. A user receives an email digitally signed by a colleague. Which key does the recipient use to verify the signature, and what does successful verification prove?","A digital signature is the hash of the message encrypted with the signer's PRIVATE key. Anyone can verify it with the signer's PUBLIC key: if the hash matches, the message is unchanged (integrity) and only the holder of that private key could have produced it (non-repudiation).",secp701::d1::context
"The CA operates a real-time responder service; no bulk list is downloaded. An application must check whether a server certificate has been revoked. Instead of downloading the full revocation list from the CA, the application queries the CA's responder in real time with the certificate's serial number and receives a signed pass/fail response. Which mechanism is in use?","OCSP (Online Certificate Status Protocol) provides real-time, per-certificate revocation status via a responder (often with stapling). CRL is the older bulk list; CSR requests issuance; RA verifies identity for issuance.",secp701::d1::context
The concern is recoverability of encrypted data when the original key holder is gone. A company must ensure that files encrypted by employees can be recovered if an employee leaves without disclosing their encryption key. Which control satisfies this requirement?,Key escrow retains a copy of encryption keys with a trusted party (or in a secure internal repository) so data can be recovered when the original key holder is unavailable — a common organizational recovery control.,secp701::d1::context
"The email impersonates an executive and requests a fraudulent wire transfer; the sender domain is a lookalike. A CFO receives an urgent email that appears to be from the CEO, asking to wire funds to a new vendor today. The sender's domain differs from the company's real domain by one character. Which attack is being described?","BEC impersonates a trusted party (executive, vendor) to request a fraudulent payment or data transfer. The one-character-different lookalike domain (typosquatting) is a classic BEC enabler.",secp701::d2::context
The attacker invents a believable story (with researched details) to get the help desk to perform an action. An attacker calls the help desk claiming to be a new contractor whose laptop is broken and who must have a password reset today to meet a deadline. The attacker has researched the contractor's name and manager. Which social engineering technique is in use?,"Pretexting is a fabricated scenario designed to elicit information or action. The researched details (name, manager, urgency) make the pretext believable — the classic help-desk password-reset pretext.",secp701::d2::context
"Few passwords, many accounts, lockout avoidance. An attacker obtains a list of 5,000 usernames and tries only three common passwords — 'Password123', 'Welcome1', and 'Company2024' — against EVERY account, specifically to avoid triggering account lockouts. Which attack is this?",Password spraying: a small set of common passwords tested against many accounts to evade lockout policies. Brute force is many passwords against one account; credential stuffing reuses breach pairs; pass-the-hash uses captured hashes.,secp701::d2::context
"Breached credentials are replayed against another service. An attacker obtains username/password pairs from a breach of a popular forum and automatically tests the same pairs against a bank's login portal, exploiting password reuse. Which attack is this?","Credential stuffing automates replay of breached username/password pairs against other services, exploiting password reuse. MFA and unique passwords are the main defenses.",secp701::d2::context
Captured authentication hashes are replayed to other hosts; no password cracking occurs. An attacker with local administrator rights on a Windows workstation extracts NTLM hashes from LSASS memory and uses them to authenticate to other systems on the network without ever knowing the plaintext passwords. Which attack is this?,"Pass-the-hash: an attacker extracts NTLM hashes (e.g., from LSASS) and uses them to authenticate to other systems without the plaintext password. Kerberoasting and golden/pass-the-ticket are Kerberos-based.",secp701::d2::context
Both attacks target the Kerberos protocol's ticket system in an AD domain. A penetration tester is targeting an Active Directory environment. Which TWO attacks rely on obtaining or forging KERBEROS ticket material rather than cracking plaintext passwords?,"Kerberoasting obtains and offline-cracks service ticket material (TGS); pass-the-ticket reuses stolen Kerberos tickets. Brute force, stuffing, rainbow tables, and keylogging do not involve Kerberos ticket material.",secp701::d2::context
The directory queries must use LDAP over TLS (LDAPS). A security administrator must allow applications to query the corporate directory service over an ENCRYPTED connection. Which port must be opened on the firewall?,LDAPS (LDAP over TLS) uses TCP 636; plaintext LDAP uses 389; Global Catalog uses 3268/3269. The exam expects the secure-versus-insecure port distinction (LDAP 389 → LDAPS 636).,secp701::d3::context
The organization currently uses FTP and TFTP and wants encrypted file transfer. A company must replace insecure file-transfer methods with protocols that encrypt both credentials and data in transit. Which TWO protocols satisfy this requirement?,"SFTP (SSH-based) and FTPS (FTP-over-TLS) both encrypt credentials and data. Plain FTP, TFTP, HTTP, and Telnet are cleartext and must be avoided.",secp701::d3::context
"Telnet (TCP 23) sends everything, including passwords, in cleartext. A network engineer must replace Telnet for remote management of network devices. Which protocol and port is the correct secure replacement?","SSH on TCP 22 is the direct secure replacement for Telnet (TCP 23) for command-line device management: encrypted session, authenticated, and the exam's canonical insecure→secure pair.",secp701::d3::context
"A managed service provider's security leadership needs a recurring view of risk across hundreds of client environments, including which systems have critical unpatched vulnerabilities, how remediation is progressing, and whether any systems were added since the last review. The team must build this from the data its vulnerability management platform already collects. Which investigation data source BEST supports this recurring review?","Vulnerability management platforms store scan results, and automated reports and dashboards aggregate those findings by severity, asset, and remediation status, giving leadership a recurring view of posture and progress across environments. Packet captures, individual scan emails, and endpoint-local quarantine lists do not aggregate findings organization-wide or support trend and remediation tracking.",secp701::d4::context
"A fake access point impersonates a legitimate one to harvest handshakes/credentials. An attacker places a device in a coffee shop that broadcasts the SAME SSID as the corporate WPA2 network and uses a signal jammer to force nearby employees' laptops to disconnect and reconnect to the attacker's access point, capturing the handshake. Which attack is this?",An evil twin is a rogue access point that impersonates a legitimate SSID; attackers often add deauthentication jamming to force clients to reconnect to the fake AP and reveal handshakes or credentials.,secp701::d4::context
"Both the client and the server present certificates; nothing is shared beyond the certs. An organization must deploy enterprise Wi-Fi authentication with MUTUAL certificate-based authentication between the client and the RADIUS server, and no shared passwords. Which EAP method satisfies this requirement?",EAP-TLS provides mutual certificate-based authentication (client AND server certs) — the strongest 802.1X EAP method. PEAP/MSCHAPv2 use password-based client auth; LEAP is deprecated/weak.,secp701::d4::context
Volatile data is lost when the system is powered off or the session ends. An incident responder must collect evidence from a live Windows server. Which order of volatility is correct (MOST volatile first)?,Order of volatility: registers/cache → RAM → process/network state → temp files → disk → remote logs → archival media. Memory and network state vanish on power-off; remote logs persist elsewhere.,secp701::d4::context
"The goal is to stop lateral movement and further damage without destroying evidence. During an active ransomware incident, the response team must CONTAIN the spread while preserving evidence. Which TWO actions are containment-phase actions?",Containment stops the incident from spreading: isolating affected hosts and blocking C2 infrastructure are classic containment actions. Restoration = recovery; lessons learned and plan updates = post-incident; notification = communications.,secp701::d4::context
"ALE = SLE × ARO, where SLE = asset value × exposure factor. A server is valued at $80,000. A risk assessment determines the exposure factor for a specific threat is 50%, and the threat is expected to occur once every two years. What is the annualized loss expectancy (ALE)?","SLE = AV × EF = $80,000 × 0.5 = $40,000. Once every two years → ARO = 0.5. ALE = SLE × ARO = $40,000 × 0.5 = $20,000 per year.",secp701::d5::context
"A regional bank adopts the NIST Cybersecurity Framework as its target baseline ahead of a compliance audit. The security team inventories every control currently deployed and maps each one to the framework's functions and categories to see how the organization's posture compares with the desired target state. Management needs a clear, prioritized view of what must change before committing budget to new security investments. What does the gap analysis primarily reveal?","Gap analysis compares the organization's current security posture with a target baseline, such as a framework like the NIST CSF, and reports the differences: controls that are absent, partially implemented, or not meeting requirements. That output drives a prioritized remediation plan before the audit. It does not quantify monetary loss (quantitative risk analysis), enumerate exploitable flaws (vulnerability scanning), or measure operational performance such as response time.",secp701::d1::context
"A defense contractor's security team investigates how confidential product blueprints left the building. The employee uploaded dozens of seemingly ordinary vacation photographs to a personal cloud account, and data-loss prevention inspection found nothing suspicious because every image appeared to be a normal, viewable JPEG. Forensic analysis later extracted the blueprint data from inside the image files, which had been modified so the changes were not visually apparent. Which technique did the employee use to conceal the data?","The employee used steganography, which hides a message or file inside a carrier such as an image, audio, or video file so the carrier appears unchanged and evades inspection. Encryption would have produced visible ciphertext that a DLP tool could flag, tokenization substitutes placeholder values rather than hiding payloads in files, and hashing is a one-way integrity function that cannot carry recoverable data. Because the photos looked and opened normally, steganography is the technique that matches the scenario.",secp701::d1::context
"A pharmaceutical distributor must share shipment provenance records with several independent manufacturers and regulators who do not trust one another's systems. The security team proposes an open, distributed ledger that every party maintains a copy of, with records chained cryptographically. Which TWO properties of this storage approach make it the best fit for the requirement? (Select TWO.)","The distributor's requirement is tamper-evident provenance that independent parties can verify without trusting one another. The open ledger satisfies both: (a) chained hashes make any alteration detectable, and (b) decentralized consensus means no single party controls the record. A single-owner write model, field-level encryption, tokenization, or centralized audit logging each address a different concern (speed, confidentiality, privacy, or logging) and none removes the need for a trusted central party.",secp701::d1::context
"A mid-size law firm's security analyst investigates an alert from the email gateway. An attorney received an email from an unknown sender with a single JPEG attachment, which the gateway allowed because the file extension is a common image type and no malware signature matched. Endpoint forensics show that when the image was opened in a preview application, hidden data embedded inside the image pixels was extracted and executed, exfiltrating client documents to an external server. The image rendered normally in all other applications. Which threat vector delivered the malicious content?","The payload was concealed within the JPEG's image data and executed when the image was rendered, which is the image-based threat vector. A file-based vector would deliver a directly malicious file instead of hiding code inside a benign-looking image. Message-based describes the email transport channel, and removable device describes portable media — neither of those carried the payload.",secp701::d2::context
A regional credit union's threat-intelligence team investigates a viral social-media campaign claiming that the credit union's ATMs were compromised and member accounts drained. The claims are false. Analysis traces the campaign to a coordinated network of bot accounts operated by a competing financial firm that expects to gain customers as the credit union's reputation suffers. Which threat vector does this campaign represent?,"Disinformation is false information deliberately created and spread with the intent to deceive or mislead, which matches the rival firm's coordinated bot campaign. Misinformation is also false but is shared without harmful intent, so it does not apply when the campaign was engineered for gain. Pretexting and brand impersonation are different social-engineering vectors involving fabricated scenarios with individuals or posing as the organization.",secp701::d2::context
"An engineering firm issues Android tablets to its field staff. An employee wants a free unit-conversion tool that is not available in the official app store, so the employee enables installation from unknown sources and downloads an APK from a third-party website. The app requests device-administrator privileges, and the firm's mobile device management (MDM) platform detects the app reading corporate email and location data. No operating system or app-store vulnerability is involved. Which vulnerability class best describes this compromise?","Side loading — installing an application from outside the platform's official app-distribution channel — is listed under mobile device vulnerabilities and is exactly how the malicious app reached the tablet; the app then abused the device-administrator privileges it requested. Supply chain would require a legitimate provider's product to be compromised before delivery, and neither a zero-day flaw nor a server misconfiguration was present.",secp701::d2::context
"A hospital's security analyst reviews badge-access logs and finds a server-room entry at 2:40 AM on a Sunday using badge 1187, issued to a nurse who is on vacation out of state. The card readers show the badge was used only that once. Physical security also reported a visitor lingering near the employee entrance holding a small hand-sized device at waist height. No lock tampering or forced-entry damage was found. Which physical attack most likely occurred?","RFID cloning copies the identifier from a contactless badge by scanning it at a distance and writing the captured data to a blank card; the hand-held device near the entrance and the single 2:40 AM entry with an on-vacation employee's badge are the indicators. Credential replay is a network-layer attack that reuses captured authentication material, environmental attacks abuse facility systems such as HVAC, and brute force would show lock tampering or repeated attempts — none of which occurred.",secp701::d2::context
A regional bank replaces 30 servers in its primary data center. The retired servers stored customer records encrypted at rest and ran services using TLS certificates issued by the bank's internal certificate authority (CA). The bank must release the hardware to an approved recycling vendor without regulatory exposure or risk that the certificates can be misused. Which TWO actions must the bank take to decommission the retired servers securely? (Select TWO.),"Secure decommissioning requires sanitizing storage media — clear, purge, or destroy per NIST SP 800-88 — so customer data cannot be recovered, and revoking the retired servers' certificates at the CA so their identities cannot be abused. Shipping the hardware without sanitization, erasing only some drives, or reinstalling an OS with a known password all leave data or identity exposure.",secp701::d2::context
"A healthcare company migrates its claims-eligibility service to a Function-as-a-Service (FaaS) platform. The provider provisions the execution environment, patches the underlying runtime and operating system, and manages the physical hosts. The company's developers deploy hundreds of small functions that read and write protected health information, and the platform bills per execution. Which TWO security responsibilities remain with the organization under the serverless shared responsibility model? (Select TWO.)","In serverless/FaaS the provider owns the physical hosts, hypervisor, runtime, and operating system, so host patching, VM hardening, host antivirus, and data-center security are provider responsibilities. The customer remains responsible for the function code and its dependencies, the identity and access management roles and permissions the functions run with, and the data the functions process. Over-privileged function roles are a common serverless misconfiguration that leads to data exposure.",secp701::d3::context
"A chemical plant uses programmable logic controllers (PLCs) running a proprietary real-time operating system (RTOS). The controllers must respond to sensor interrupts and actuate valves within strict hard deadlines, because a delayed response can over-pressurize a reactor. The RTOS vendor provides no security patches, and the plant cannot install antivirus or modify the kernel scheduling on the devices. Which mitigation is MOST appropriate for securing these controllers?","Hard real-time systems must meet deterministic deadlines; general-purpose OSes, emulation, or added host agents can break timing or simply cannot be installed on a closed RTOS. Because the controllers cannot be patched, the practical mitigation is network segmentation of the OT environment, restricting inbound traffic, and monitoring at the boundary — compensating controls that shrink the attack surface without modifying the device.",secp701::d3::context
"A company installs an electronic badge-controlled lock on the door of its server room. The life-safety policy requires that employees must always be able to leave the room, including during a power outage or a controller failure, and that no one can ever be trapped inside. The security team must decide how the lock behaves when the access-control system loses power or malfunctions. Which failure mode should be configured for the door lock?","Fail-open (fail-unlocked) makes the door default to unlocked when power or the controller fails, which guarantees occupant egress and satisfies the life-safety policy. Fail-closed/fail-secure would keep the door locked and trap occupants; preserving the last state gives no guaranteed outcome; and a UPS cannot cover every failure mode. The right failure mode depends on the control's priority — an access door favoring life safety goes fail-open, while a firewall protecting data typically goes fail-closed so traffic is blocked by default.",secp701::d3::context
A retailer discovers that an unknown device was plugged into an active wall jack in a stockroom and connected to the corporate network. The switches in the wiring closets currently accept any device on any port. The administrator must prevent unauthorized devices from attaching to access ports while keeping day-to-day operations manageable. Which TWO controls should the administrator implement to prevent unauthorized devices from connecting to the network? (Select TWO.),"Port security with a MAC limit and sticky learning binds each port to the first learned device and blocks additional hardware, and 802.1X authenticates the endpoint against a RADIUS server before the port becomes active — together these stop rogue devices from using wall jacks. DTP negotiation is a VLAN-hopping risk, unlimited MAC learning expands access, disabling unused ports only covers dead jacks, and a shared VLAN removes segmentation. Best practice combines 802.1X with port security and also disables unused ports and DTP.",secp701::d3::context
"A payment-processing database loses power while processing a batch of transfers. After the system restarts, the database automatically recovers: every transaction that was committed before the crash is restored, and partially completed transactions are rolled back, so no committed payment is lost or duplicated. The recovery does not depend on restoring a backup. Which mechanism enabled this recovery?","A write-ahead journal records each transaction's changes to a log before the transaction is committed, so after a crash the database can replay (redo) committed transactions and roll back (undo) incomplete ones — no backup is required. Replication, point-in-time snapshots, and ECC memory do not provide this redo/undo capability. Filesystems use the same journaling principle to protect metadata during sudden power loss.",secp701::d3::context
A company hosts every customer-facing service on identical servers running the same operating system and hypervisor from a single vendor. The security team warns that one widely exploited OS or hypervisor vulnerability could take down or compromise all services at once. The company decides to run different operating systems and hypervisors across its critical workloads and to avoid depending on a single vendor for every tier. Which resilience strategy does this approach represent?,"Platform diversity runs critical workloads on different operating systems, hypervisors, or hardware so that a vulnerability or vendor defect in one platform cannot simultaneously compromise all systems, reducing common-mode failure and single-vendor risk. Geographic dispersion, load balancing, and patching each support resilience in other ways but leave the shared-platform weakness in place.",secp701::d3::context
"A retailer's e-commerce site faces a predictable seasonal surge in traffic and orders. The operations team must confirm the web tier can handle the projected peak requests per second, storage can absorb the added transaction volume, and enough support staff are scheduled to respond to incidents, all while continuing to meet the stated availability and recovery targets. Which activity best prepares the platform for the peak?","Capacity planning forecasts expected demand and sizes compute, storage, and staffing so the platform can meet its availability and recovery targets during peaks. Arbitrary oversizing wastes budget, removing load-balancing capacity reduces availability, and longer backup retention is a data-retention decision rather than load sizing.",secp701::d3::context
A hospital is adding Wi-Fi coverage for nursing tablets and VoIP handsets in a new wing. The team must guarantee continuous coverage while avoiding interference between access points and with nearby medical telemetry. The wing includes thick-walled rooms and a central elevator shaft that can shadow wireless signals. What should the network team do before mounting any access points?,"A wireless site survey collects signal measurements around the facility, and heat maps visualize coverage, interference, and dead zones, letting the team position access points and choose channels before mounting hardware. Maximum power and default channels worsen interference, while cabling convenience ignores radio physics.",secp701::d4::context
"A financial services web application stores the session identifier in a cookie. A penetration test found two issues: a stored cross-site scripting (XSS) flaw that lets an attacker read document.cookie, and a cross-site request forgery (CSRF) flaw that lets an attacker trigger state-changing requests while the victim's session is active. The application is already served exclusively over HTTPS. Which TWO cookie attributes should the team set to address these findings? (Select TWO.)","HttpOnly denies JavaScript access to the cookie, defeating the XSS exfiltration, while SameSite stops the browser from sending the cookie on cross-site requests, defeating CSRF. Secure is redundant on an HTTPS-only site, and expanding domain scope, extending lifetime, or allowing cross-site sending increases exposure rather than reducing it.",secp701::d4::context
"A development team wants to catch injection, cross-site scripting, and buffer-overflow flaws before code is deployed. They plan to add a scanning step to their CI pipeline that runs automatically on every commit. The team's budget covers one new tool, and the tool must not require a running, instrumented application. Which technique would the team add to the pipeline to inspect the source code itself before the application is built or executed?","Static code analysis parses the source and models data flow to find vulnerabilities such as injection, XSS, and buffer overflows before anything runs, which fits a per-commit CI gate. DAST, fuzzing, and penetration testing all act against an executed application and would come later in the lifecycle.",secp701::d4::context
"An organization is building a complete hardware and software asset inventory to identify unmanaged and rogue devices before an upcoming security audit. Endpoint agents are installed on most laptops, but the team cannot assume coverage is complete because servers, network gear, and IoT devices were never enrolled. The inventory must reflect what is actually connected today. Which TWO approaches should the team use together to enumerate the organization's assets? (Select TWO.)","Active scanning discovers what is actually on the wire, while CMDB, DHCP, and directory records provide context on known assets; together they reconcile managed, unmanaged, and rogue devices. Agent-only, subnet-limited, record-purging, or annual approaches each leave material gaps in the inventory.",secp701::d4::context
"A security researcher discovers a critical remote code execution flaw in a company's web portal. The company operates a public bug bounty program with a defined scope and rules of engagement. The researcher reports the flaw privately through the program, the vendor confirms it and schedules a patch, and the researcher agrees to keep the details confidential until the fix is released, when a public advisory will be published. Which term best describes the researcher's action?","Coordinated (responsible) disclosure gives the vendor a chance to remediate before the public learns of the flaw, and the bug bounty program is the channel through which the report flowed. Full disclosure, exploit brokering, and extortion all lack the vendor-remediation-first sequence.",secp701::d4::context
"The security team subscribes to a dark-web monitoring service. An analyst finds the CTO's corporate email address and a password hash posted on a criminal forum, along with chatter advertising access to the company's VPN. The team has no current evidence of intrusion, but the data appears to match credentials exposed in a recent phishing campaign. What is the primary security value of this dark-web intelligence?","Dark-web monitoring is a threat-intelligence source: finding posted credentials and access chatter enables proactive resets and threat hunting. It does not by itself prove compromise, and it complements rather than replaces vulnerability scanning or forensic investigation.",secp701::d4::context
"A compliance team must assess thousands of servers against a published hardening benchmark, remediate failures, and produce auditable evidence. To do this at scale, they adopt the Security Content Automation Protocol (SCAP) so the checks are machine-readable and repeatable rather than manual. Which set of standards would the team rely on to automate these checks under SCAP?","SCAP bundles XCCDF (checklists and results), OVAL (system-state checks), and CVE (vulnerability identifiers), along with CPE and CVSS, to automate and standardize configuration assessment. The other options are threat-intelligence, monitoring, or email protocols outside SCAP's scope.",secp701::d4::context
"The network operations team needs to know the moment a core switch fails, an interface goes down, or a router restarts so they can respond before users notice. Their monitoring server currently polls devices on a five-minute cycle, which is too slow for critical infrastructure. Which configuration would give the team immediate, event-driven alerts without polling?","SNMP traps are unsolicited notifications sent by managed devices when an event such as a link failure or restart occurs, giving near-real-time alerting. Polling, NetFlow, or disabling SNMP each fail to deliver event-driven fault alerts.",secp701::d4::context
"A Linux web server hosts an application that was breached last year after the web daemon's process was used to read sensitive files. The security team enables SELinux so that even if the application is compromised, it is confined. During rollout, the application fails to start because SELinux denies one of its legitimate operations, and an administrator proposes switching the server to permissive mode. Which statement best describes SELinux and how the team should use it?","SELinux applies mandatory access control so a process is confined by policy even when it runs with elevated privileges; enforcing mode blocks violations while permissive mode only logs them. The correct response is to allow the legitimate operation in policy and remain in enforcing mode, not to disable the control.",secp701::d4::context
"Before issuing credentials to a newly hired remote contractor, the IAM team must confirm the contractor is genuinely who they claim to be. The contractor uploads a government-issued ID, the system compares it with a live selfie, and the contractor answers knowledge-based questions from public records. Only after this passes does the system issue the account. Which IAM process is the team performing?","Identity proofing validates the applicant's identity through identity documents, biometric comparison, and knowledge-based verification before account issuance. Authorization, federation, and accounting all operate after or alongside an established identity.",secp701::d4::context
"An organization allows only company-issued laptops onto the VPN. Each laptop's Trusted Platform Module (TPM) records measurements of the firmware and boot process, signs a statement about those measurements, and presents it to the VPN gateway. The gateway verifies the signature and the measurements before permitting the connection, rejecting devices whose boot state has been altered. What is this mechanism called?","Attestation lets a device demonstrate its state to a verifier: the TPM signs the measured boot values and the VPN gateway checks them, blocking tampered devices. Federation, non-repudiation, and port-based authentication address different problems.",secp701::d4::context
"An organization replaces passwords with FIDO2 passkeys for all employees. Users unlock sign-in on their device with a biometric or PIN, and the private key is generated and stored in the device's secure element. When a user signs in to a site, the site's challenge is answered with the device-bound key rather than a shared secret typed by the user. What is the primary security advantage of this passwordless approach?","FIDO2/WebAuthn passkeys bind the private key to the device and use origin-bound challenges, so there is no password or reusable code for attackers to phish. Server-side key storage or SMS codes each reintroduce the shared-secret weaknesses passkeys remove.",secp701::d4::context
"A retailer's back-office systems process payroll and inventory only during store hours. The IAM policy prevents administrative accounts from authenticating between 10:00 p.m. and 6:00 a.m. local time, when no store employees are scheduled. A night-shift cleaner's badge is also blocked from entering the office floor outside those same hours. Which access control is the company implementing?","Time-of-day restrictions encode business-hours access in the IAM policy, so accounts cannot authenticate outside the permitted window — applied here to both logical and physical access. Lockout, timeout, and geolocation address different access dimensions.",secp701::d4::context
"A security team removes standing administrative rights from all IT staff and deploys a privileged access management tool. When an administrator needs elevated rights, they submit a request with a justification, the tool grants temporary credentials that expire after 15 minutes, and the rights are automatically removed. Every grant and use is recorded. Which TWO statements best describe this ephemeral credential approach? (Select TWO.)","Ephemeral credentials expire automatically, and just-in-time provisioning grants privilege only for the active task, so attackers cannot harvest always-on admin rights. Indefinite validity, standing rights, embedded secrets, and disabled logging all undermine the model.",secp701::d4::context
"A company receives a litigation hold notice after a former employee sues the firm over a disputed contract. The notice covers email, chat, and file-share content related to the contract. The company's data-retention policy normally deletes email after 90 days, and backups are recycled every four weeks. What must the organization do to satisfy this legal hold?","E-discovery and legal hold require preserving potentially relevant data — email, chat, file shares, and backups — and suspending routine destruction until the hold is lifted. Continuing deletions or destroying the data constitutes spoliation and undermines any investigation.",secp701::d4::context
"A regional credit union's CISO prepares a quarterly risk dashboard for the board of directors. The board wants early-warning signals that security risk is increasing before incidents occur, so leadership can intervene while conditions can still be changed. The CISO is selecting metrics from the current vulnerability, access, and incident data. Which metric is the best leading key risk indicator (KRI) for this board-level reporting?","The percentage of internet-facing systems with unpatched critical CVEs is a leading KRI: it rises as remediation falls behind, signaling greater likelihood of exploitation while corrective action is still possible. Confirmed incidents are lagging indicators that report past outcomes. Budget figures measure spending rather than exposure, and training completion tracks activity instead of current risk level. Effective KRIs are measurable, tied to a specific risk, and give the board time to respond.",secp701::d5::context
"A mid-sized insurer hires an independent security firm to assess a prospective cloud vendor's controls before signing a contract. During kickoff, the assessment lead reveals that she owns shares in the vendor and previously consulted for them. The insurer's third-party risk policy requires unbiased vendor evaluations, and the vendor agreement includes a right-to-audit clause. Which TWO actions correctly handle this conflict of interest? (Select TWO.)","Conflict-of-interest handling in vendor assessment comes down to preserving independence: the interested assessor should be recused (a), and ideally the team replaced with people who have no ties to the vendor (b). Proceeding without disclosure (c), documenting the conflict only after the report is written (d), waiving it because of the vendor's record (e), or promising objectivity (f) all leave the conflicted party's influence in place and undermine the due-diligence value of the assessment.",secp701::d5::context
